-8.680095155231479,2.9822677652686767,0.20519164899072942
-8.688051746209947,2.8416289371896357,0.2218019989472255
-8.704848988003123,2.6246747498055805,0.17720361478270774
-8.846095858203402,2.3843260341109422,0.13705128301224095
-8.994549809572211,2.19528576141115,0.1557584024361696
-8.925849757058051,2.0585037692110917,0.19745361756908886
-8.909934453539218,1.8995826722941664,0.2199633704311558
-8.834509595652406,1.7409674310584118,0.18876798892031432
-8.920911046469477,1.4394827459446824,0.10929858161744489
-8.755791591647753,1.3052942651844588,0.07919137272955767
-9.01369687326617,1.0421595487106055,0.07813620187382399
-8.993498712474754,0.8419091978739466,0.07322180651609109
-8.999923335202812,0.5700594498048712,-0.08997723514084957
-8.867090956417785,0.41764474282596525,-0.11116426179473726
-9.060680850129565,0.1780230343505576,0.017400262153797953
-8.879411313625305,0.05369599931863845,0.02800728347949999
-8.952580645810645,-0.29336946719567697,-0.20942887304038088
-8.794785648262625,-0.47330109078172683,-0.21097191507995794
-8.77308130466374,-0.656023975226393,-0.19652356547622274
-8.775345963873562,-0.7764961871477475,-0.09386420756640883
-8.94077415677607,-1.065186542730315,-0.05214806800767405
-8.839424835606355,-1.2530940096408958,-0.09270002986251386
-8.832092715459003,-1.5503964590505945,-0.2576225471024732
-8.751898111152904,-1.7098701189853407,-0.15020642105078175
-8.807270537525458,-1.8592762473873223,-0.08229273511936581
-8.619975356437608,-1.9751348474010373,-0.027936960159797512
-8.584749852792173,-2.1757795158829296,-0.012347280077378453
-8.569854695771696,-2.420335409493549,-0.014414026081579878
-8.581428423786736,-2.6070416270871535,-0.04953065812347983
-8.304273445830782,-2.766666843499881,0.06554517582065855
-8.276412658330042,-2.9152318940195134,-0.030659941878031838
-8.23245116105702,-3.121459265832608,0.03338695201685336
-8.251585803325248,-3.409525215600729,0.010581580968106324
-8.217734862808104,-3.606024407687651,-0.004745551648497243
-8.104920425236882,-3.7462990928938202,-0.04207856211787214
-7.981671905297202,-4.014370763511022,-0.0077339118603194645
-7.894355202561748,-4.170581388506227,-0.07532514260037279
-7.709814212045471,-4.309557104405672,-0.059138952054479166
-7.677599593482296,-4.5963910765131235,-0.11041662783418735
-7.543010441836945,-4.725997821442797,-0.06376618407379832
-7.412225245137561,-4.875162804946722,-0.1555917755079374
-7.187938732417627,-5.133326440551215,-0.121568912828706
-7.1264639905981095,-5.262213501473317,-0.19653024426177915
-6.997881463015988,-5.4053283114154205,-0.1485513054806603
-6.908169095597746,-5.569218340726943,-0.15051863257204834
-6.72581037065961,-5.762478717142104,-0.1287171671016301
-6.604532870581765,-6.03670372566123,-0.1790935575882397
-6.368785829003974,-6.102938717147742,-0.08982379002577001
-6.344861887456913,-6.190109109548706,-0.09754770840812721
-6.205257834752418,-6.397920096119398,-0.20634705341223
-6.108161918428914,-6.691881995543407,-0.32962116899253324
-5.946105415982879,-6.819778574959475,-0.32772940137245044
-5.675563201351636,-6.9153392706968,-0.27926715003022634
-5.456760794811648,-7.095902457292734,-0.26777146455085243
-5.516556136443397,-7.21585854112734,-0.35073453544216415
-5.389114782991862,-7.248424083978013,-0.2085247283261518
-5.21821964006873,-7.466486545789253,-0.26219375809551887
-4.999072710219972,-7.541157649146534,-0.2206123318008663
-4.859168499936728,-7.592437856470597,-0.27419792368747814
-4.7145841076076715,-7.824820405578312,-0.1823645151718251
-4.577455498601728,-7.922300800856232,-0.32424197068315697
-4.390661306439083,-7.97949317475123,-0.2675892996176767
-4.139324310308526,-8.0627579411997,-0.17224102018473503
-3.9020995008932466,-8.110946240766795,-0.12506991003328222
-3.7106767227635937,-8.278052900892254,-0.10594985345717883
-3.5399789362686587,-8.295429470216124,-0.020623930144040237
-3.2321515713461677,-8.272745972654649,-0.055323489034711903
-2.982628711031195,-8.317088947469106,-0.020708919002468684
-2.7818488429120665,-8.498163278987333,-0.09093390900849219
-2.5425189506991046,-8.524025588848854,-0.0413843424192496
-2.312309035179806,-8.595830602012205,-0.048192853901213584
-2.1782227785398005,-8.65677945061075,0.0559876433475493
-2.006948981983563,-8.695687143739523,-0.07918621437399553
-1.8633622362274622,-8.746800829342595,-0.07757896391413427
-1.7040906802550921,-8.708772740288826,-0.006611507058794541
-1.5158579733323863,-8.810404021722572,0.01860616059930953
-1.3005302677570119,-8.875452594020155,-0.01952606168024934
-1.1540165024658644,-8.874704016927502,0.11608487969793518
-0.9439064149940076,-8.808223926378961,0.07983220067891322
-0.7623406182699761,-8.802363427045053,0.1144421062159417
-0.5354407193287842,-8.833485903793774,0.060491767776660155
-0.36780890646236325,-8.902688998433153,0.08505501686007871
-0.17759700221910682,-8.939445521660456,0.03703997743970072
0.02852550719337768,-8.977649272448012,0.08436596741508517
0.29510159119425794,-8.916102199966188,-0.0031060141675597897
0.46129684132884524,-8.893620552241025,0.03894397147152712
0.6468794042333227,-8.877718165500015,0.004619736894731441
0.5269973817417619,-8.59789072671861,0.31757537598893165
0.7764553538184219,-8.597757793693104,0.27130017334447903
0.9481341367753664,-8.608053809577779,0.2978323771746958
1.260431911631231,-8.623860913009251,0.14051915251993574
1.4238025940651293,-8.56378926173784,0.1573826991412305
1.7008301549685012,-8.559963116551726,0.0984508177997912
1.8700951731719593,-8.547606372887046,0.12596294933340868
2.0197156482250085,-8.512791116639596,0.05728093120455291
2.207034604277858,-8.526193473384213,0.049877792723655445
2.537825515834261,-8.50851461675375,-0.05706431106475396
2.2328818469527443,-8.204252946843477,-0.0014478090536769184
2.4578703661533825,-8.219961971732765,-0.05636820097969131
3.035012830957959,-8.300231030295516,-0.05248710911226742
3.355149266525689,-8.227122161305768,-0.054481677309566934
3.5064473435981642,-8.113673000477723,0.009466404612759022
3.861457621394864,-8.086249951878639,-0.053685021972114166
3.9792877053154148,-7.9399635784611045,-0.027004593365863166
4.212780343269147,-7.930036773518403,-0.057448420463982186
4.245636006735492,-7.759272445103787,-0.0616052053547502
4.588789929308086,-7.732628718328335,-0.09725087625323153
4.729798393415529,-7.665771583375954,-0.10644226099197873
4.971806592317858,-7.549520003145289,-0.11890485689283559
5.018500436199003,-7.3564346484787695,-0.1157742955971289
5.195047719315763,-7.181454079164822,-0.08379846961974688
5.599173420583674,-7.019798643686966,0.11599115128707278
5.840836367662953,-6.933787990032055,0.07869463509930558
5.922043600956743,-6.831173403003078,0.04087449873297698
6.105749287788779,-6.7806016133189715,0.02815185819916846
6.252113033064782,-6.651070775009512,-0.014316362236493504
6.4824616218809945,-6.575335676839931,0.008323732791154226
6.501761740227306,-6.330392097978943,0.0015356407291304969
6.664975331019475,-6.176316824269849,0.016454858918121616
6.846944439489185,-6.044658239070207,-0.0011480579399511612
7.026893776708888,-5.9095066068220925,0.025403192310230784
7.037385898536389,-5.676622504281387,-0.0057255626405198195
7.125984696323575,-5.492332268369962,-0.013661525578272271
7.197065315985048,-5.305075471162214,-0.03534216046001051
7.32328892860106,-5.162463821045996,-0.02684373679978176
7.533435999953268,-5.045275022411861,-0.055951133891446465
7.706666528089847,-4.938418914222089,-0.011962118583722564
7.6922429804942345,-4.684088940224103,-0.062327374847562504
7.8463223237185815,-4.544073274774819,-0.03670607378035945
7.900339522203621,-4.352389262988536,-0.04348362529988528
8.125614374186258,-4.206457177603163,-0.029262850061667955
8.189193415781542,-4.045173255801855,-0.07170132163094706
8.298756500570002,-3.895608050371689,-0.01748155012947708
8.280418533605525,-3.617937908769322,-0.06263391864667803
8.317169651875812,-3.3701078088854146,-0.052971804400727324
8.419259013890398,-3.212171885793318,-0.0579743508572087
8.501569697961509,-3.086239741493076,-0.016306561269532782
8.64923930339374,-2.8968189725192577,-0.0741866243131187
8.746175126091531,-2.759504463229195,0.006858222408105352
8.743964568250469,-2.54005262409715,-0.0367043813914088
8.851933527859162,-2.3555608133226578,0.017014035210465128
8.821178785563339,-2.1265773595425714,-0.04986341332992085
8.88827676176498,-1.8661651439043743,-0.07120128837972478
8.932761236345518,-1.701834902499258,-0.10413576214982703
9.267497142488862,-1.45256587881095,0.010565878193498968
9.487038343692156,-1.1688645709815628,-0.022238217180587883
9.788852686734225,-0.8308735161551817,0.04834018535793094
9.958929974417671,-0.5347046364005701,-0.0025726984491263594
10.202024234767073,-0.18818214699895683,-0.01952197515307258
10.380162785937294,0.09862992079057958,-0.06271315478148132
10.563036265819907,0.4973375768430833,0.05578179657936172
10.684741289376205,0.79576038496802,0.017761772350193328
10.789288897070467,1.0987247115134897,0.00902090919414611
10.925922769066434,1.3618394977003976,-0.028888648979459114
11.108532293423918,1.6640120449531288,-0.005082493959355672
11.220966039794563,1.8978275320346139,-0.03905218668613325
11.262968789900995,2.3009832502414524,0.01871413515168263
11.302403681389574,2.578128599330017,-0.031155605350877996
11.389734324018631,2.8905576245619473,0.012591150649084004
11.418220200518993,3.1109585795520056,-0.02826001740085493
11.51719111874939,3.537860540855037,0.028967386954054375
11.501338636829491,3.8139514699483774,0.06528860414913867
11.481476889385979,4.122893855086301,0.07536376532461736
11.519354786042472,4.39200260510146,0.01901379223152272
11.498618825886103,4.752358146632936,0.031422323198166735
11.44747345749479,4.985307063317058,-0.026704048121552332
11.455942636508432,5.35165781225207,0.0037931315720831082
11.440599503704933,5.588269506943598,-0.002831195410480991
11.358799743266218,6.008508382569611,0.07165642510831727
11.294976926173629,6.286158411352357,0.05606535617592123
11.22609279782571,6.624174332807459,0.09163063857710796
11.141756804656662,6.796072160798409,0.06286186071317207
11.074170757912372,7.132378688980895,0.07936158860245551
10.993158935993188,7.355985332181011,0.061862369584779475
10.820492640456488,7.684418290824242,0.06835691115526216
10.671138395166428,7.854729636445836,-0.001899321795185066
10.484434681234253,8.194073036838384,-0.052937244127434
10.372006301174189,8.46341080237146,-0.036341521676967165
10.258915455399439,8.634812466314564,-0.0061108399087163034
10.107975428680836,8.794870292330357,-0.04899616931216233
9.876398404921915,9.231625624188274,-0.06836516027775136
9.695904794658293,9.4099052128325,-0.11049456388605988
9.50567765378861,9.595933728829396,-0.07953328650828867
9.39602983838037,9.903715167494108,-0.010795608330277262
9.243297320063693,10.289264020738727,0.042181854001399205
9.078852775304789,10.455852924524708,0.05156499207159576
8.834860817266721,10.771948550390457,0.05398110853726634
8.613498875882831,10.90108768513209,0.010877682501305191
8.33346059361232,11.142318632505113,-0.04661152759248341
8.1408119389585,11.394525312003422,-0.036827714461151795
7.990282984339035,11.79366114773817,0.08052185423497751
7.727230488173709,11.858829005246543,0.007179005583328485
7.5216963651417945,12.084918874205876,0.10119250445583476
7.288797890292995,12.084377818046002,0.09807195124024351
7.065332615964877,12.43719541798253,0.17060802967581534
6.839277143543535,12.616923932544672,0.18277697366151674
6.629393695230157,12.84495831616706,0.2683836831453494
6.318869617326458,12.93688310935257,0.17764177061930844
6.019615736565868,13.139152184176602,0.14925024089032146
5.762349665369342,13.205897410156668,0.1462811972585128
5.388910830737801,13.452912679455547,0.03472979420493351
5.1349110456461,13.487528387774399,0.044270772461356425
4.844491784587043,13.608107714327845,0.053949728957193216
4.575148557720258,13.621624055629987,0.08078385708735267
4.310894120879856,13.772384684376945,0.11685561840262587
4.04075565185415,13.819773867970353,0.12596477525819016
3.646253436500537,13.936560763843707,-0.0062017639531298276
3.3267988217465394,14.037990602945477,-0.051071510185945405
3.0525644430160055,13.929437018805137,-0.001954128553388215
2.7004372663903826,14.115829036530503,-0.05360409499953805
2.3597197742819427,14.206532109019328,-0.1445030791247125
2.076279820057429,14.207304628731888,-0.1106593267032326
1.7691401851896227,14.422081425858176,-0.08138573396950263
1.4991189811727061,14.485136667705337,-0.054166441016232886
1.2108767154591344,14.545244807359348,0.015680564835256115
0.8810251093558085,14.496556311996981,0.017295025785914454
0.5801074558314568,14.539862935541654,0.00010245108062066632
0.3136996286948679,14.494848772619235,0.06282009866067909
-0.029603372163412457,14.538563862242427,0.025786407339921047
-0.3291369648025358,14.589419809192334,0.06760891124312503
-0.7016284801939966,14.65249320156566,0.022857032327068205
-1.0219688239934412,14.558326421744407,0.061247276537661474
-1.3013136303190789,14.666436322645097,0.037863199591711055
-1.5907923043052052,14.649541835692276,0.06052314536085274
-1.922957178028823,14.592775493259293,0.09594735992474701
-2.2113235485657445,14.489496755022909,0.13493475750038184
-2.573355340128385,14.492795272870506,0.11039051076726977
-2.9043793184952524,14.418562227852219,0.1335075566732385
-3.207687503216416,14.414462876771173,0.06547579137824722
-3.504116721046525,14.291614123190806,0.08667059632707363
-3.8317901002666526,14.200212672085607,0.0576613368304881
-4.220177341279324,14.141097220000587,-0.009612017133356437
-4.512089540230785,14.009536934730413,-0.05130273777922317
-4.875125890805452,13.94815627505107,0.03265084538094004
-5.151117447581509,13.93814612792115,-0.03889850977139325
-5.429083567026478,13.894818145733478,-0.036123887594593784
-5.892635396302376,13.813529230398979,-0.21383389307416298
-6.173022770354727,13.631269002250889,-0.18454097812898038
-6.481430851527562,13.527774006327459,-0.16139132623414587
-6.768586510363522,13.338529918457908,-0.08711318152726766
-7.042837722460491,13.22117085462269,-0.1723507837791386
-7.321937425035358,13.037560581359616,-0.15722546976314827
-7.603379878264696,12.897180312618472,-0.19120438365126202
-7.940581120249616,12.763030809539323,-0.21552083378133452
-8.157729558002712,12.592558624013268,-0.24170327033381211
-8.515692960090362,12.412127822931879,-0.15255028780727176
-8.699732677671442,12.158601724787744,-0.21231854141219825
-8.931756317031708,11.988962211917245,-0.10908822058562673
-9.092357786417525,11.740903567395849,-0.017869378802806646
-9.398240032740004,11.444932598345552,0.016962478479948973
-9.654685442993873,11.191197718027455,-0.07039515784070993
-9.964102694792821,10.979364974923783,0.04566302646476428
-10.273143884940044,10.730634185794088,-0.11697742641066983
-10.532073525312976,10.532183028191955,-0.1471191563192389
-10.796901051224525,10.190897206774368,-0.12203297914362432
-10.937912109058281,9.94744386841605,-0.029120813986311944
-11.179072794037769,9.61226939830265,0.02490199141356131
-11.415725734967229,9.420294212165185,0.03078052883032595
-11.644402150513423,9.1598712871392,-0.0819082239514427
-11.790349717840527,8.879928698042011,-0.007775724164534092
-11.957381114843502,8.595139515804982,-0.012417426184500702
-12.139825714754297,8.38280982868373,0.0224388945131358
-12.462099682041867,8.042488397212024,0.005474212629187847
-12.565621402192804,7.810731204329997,0.05398181782942313
-12.648650438862974,7.488833155552872,-0.008656260458886345
-12.757829392273715,7.317285190263098,0.05692074359796434
-12.992209937919682,6.92175443664723,0.0076182092038185045
-13.208238401923944,6.631068348131913,0.003428029590857029
-13.38695576863764,6.336488869733117,-0.001651123405021604
-13.465970437617866,6.105751308380381,0.042939015073100106
-13.25728510798933,5.786801714480213,0.22128136543862126
-13.30138251262897,5.631406794508071,0.1993849455293461
-13.597177086001324,5.2312185832982685,0.1004230043838808
-13.59620911967105,5.001384609610478,0.1370113621067216
-13.78506052116763,4.6438928858932895,0.10978150421705651
-13.879788588300686,4.41116566059241,0.08235563798752049
-14.146033108734981,4.076886177022069,-0.08485666596582497
-14.069715328095551,3.801577220271371,-0.008613988790206861
-14.254478032285101,3.3217630904607804,-0.010983684213014766
-14.232977938901069,3.024470041202664,0.02754053915634247
-14.433680684885104,2.6246804513256583,-0.0037449423495337086
-14.443267167257257,2.323408409081896,0.0062283783934964365
-14.464112827861669,1.9463256301731584,0.0037731156368454033
-14.385935335581067,1.6625572451487531,0.03139966379383344
-14.555890348499217,1.1937545605903608,0.012743593085479704
-14.516202542084732,0.900875064202348,0.02004252763000869
-14.56857739422539,0.5475485979251757,-0.008592721576284795
-14.555246173314666,0.22422138751347545,-0.0033003944795928775
-14.620975022549395,-0.14479665423635496,-0.049244267067354325
-14.714253050633104,-0.5635765153940551,0.010210602495043943
-14.812402073879456,-0.9965492597991152,0.017638329075926704
-14.745112553431,-1.2808307578345695,-0.021748676971253947
-14.679745562620402,-1.5811870243219686,-0.036619890714318475
-14.557713640537125,-1.902512371989133,-0.06334498424434762
-14.442174457520645,-2.2321639369410304,-0.05308192938063242
-14.42162220159454,-2.5388910453390356,-0.06895880689295379
-14.576966699462428,-3.012775015669206,-0.060249049239121895
-14.38026446009115,-3.2783247160684095,-0.08640831012272537
-14.278088719595528,-3.6127171628246044,-0.04883722908050822
-14.302472678061873,-4.097387738746017,-0.015273944778860182
-14.356562117772008,-4.463008479096712,0.04269510106372226
-14.167969263850507,-4.704264593354695,-0.013496051458964944
-14.154211528423758,-5.097700456911005,-0.021016739009089014
-13.901398900315272,-5.345627243191228,-0.0688426568538317
-13.699600513531893,-5.64022241766089,-0.02527991149302844
-13.600318872035944,-6.01501906959267,-0.09971234445404036
-13.612714143916662,-6.330997129975452,-0.02772985055273819
-13.418142063365481,-6.583900324993985,-0.0775114843835093
-13.27316684740035,-6.963482229953771,-0.07276024848800383
-13.021918605030766,-7.194021397100161,-0.14428988143553673
-12.739850702250358,-7.542698643471224,-0.11499226202872548
-12.578815195887238,-7.856692692627815,-0.16991357387753314
-12.56421445624239,-8.172525684219563,-0.030670538398445135
-12.388588714117551,-8.420148074625772,-0.0725561816296848
-12.140803085638353,-8.806669684793754,-0.03931177367833716
-11.871847182253159,-9.028478526492327,-0.11097796256194861
-11.683503685113864,-9.324277719478221,-0.09416073880230325
-11.498834057338508,-9.602823022937091,-0.16966147779944024
-11.29166994818353,-9.831159269687282,-0.08121938346113122
-11.081342480021748,-10.032421209783744,-0.14848205535885367
-10.89753501896966,-10.43933568165805,-0.03291527493872154
-10.684916014868826,-10.664197031914943,-0.0570424911932485
-10.38982964968479,-10.929433285665466,-0.0456676632981593
-10.143957282375958,-11.181691643815533,-0.13065497432759066
-9.54994236440645,-11.184878915698784,-0.3560265503167098
-9.300275640162518,-11.345288636675107,-0.4461349157878964
-9.082215052601853,-11.67581699952159,-0.3721043890946459
-8.869247992312582,-11.852057709549817,-0.4121064288998287
-8.648934482407302,-12.040726124606406,-0.25696613388285194
-8.464445258249928,-12.301552549329081,-0.41587498663172334
-8.147307633730886,-12.513192601395955,-0.19524373059694422
-7.979486339158107,-12.734428868581388,-0.16278292576992598
-7.790196028749172,-13.017628590213455,-0.05090594974908025
-7.578253899448115,-13.074134539591812,-0.17398175709411395
-7.1360540469462945,-13.325762198744469,-0.10840870466746283
-6.998702587777402,-13.421721098049263,-0.23431327052265444
-6.5877221627433435,-13.584710396020224,-0.0782227734900327
-6.405497100193705,-13.670155157787022,-0.11073556736270296
-6.117544428525321,-13.789106351515851,-0.05408667119209898
-5.748675586516566,-14.00817456897785,-0.09499943224207247
-5.296154262121291,-14.085249077989044,-0.031265076698471284
-5.033363236674272,-14.303600078576473,-0.1454095074375344
-4.636524930194125,-14.357125015072375,-0.05613492725293545
-4.370388755486389,-14.430791855111572,-0.07525989251364118
-4.011569576430474,-14.635055297821463,0.01660720370766927
-3.7522778963010497,-14.663341559348725,-0.038515615119591395
-3.381862403653057,-14.651732109344353,0.018573207625658228
-3.092728123875783,-14.818466188109577,-0.09228019849413319
-2.6756162835913218,-14.771677969504875,-0.05431916519108465
-2.367447455658507,-14.82144951853997,-0.09438216913294117
-1.9770546569130913,-14.85785678385464,-0.057986451900841895
-1.681392863439589,-14.944177916445364,-0.09018330679272135
-1.296431438138456,-14.89628062642321,-0.026428895124230523
-0.9683193871024444,-15.049056850598257,-0.08726072981663285
-0.4904908258800375,-15.019350251843932,-0.012724257774386294
-0.4839567073802387,-14.931283776028426,0.03972803643969158
-0.09183203409389151,-14.99052581445168,0.06908829914831316
0.20310705257939907,-14.927436192680434,0.008249680164972906
0.6157443709136446,-14.747730512192387,-0.08236473749134382
0.938245087098704,-14.83044417946166,-0.14993494547072977
1.3762780580990635,-14.716842196738884,-0.13209738698284623
1.6948477854039867,-14.664729682350083,-0.1658644126682582
2.0863053553752176,-14.579788494377185,-0.1758706294504131
2.427776362404305,-14.558705754367306,-0.2462058150575966
2.9462232730702613,-14.601982378914098,-0.12774031035590633
3.1862938159773524,-14.578339376965545,-0.09515600264738816
3.677028867297163,-14.50175880403245,-0.022298457394629545
3.885316592968865,-14.368544602921538,-0.030358648023811385
4.367633835508352,-14.386148974619124,0.007249400640676529
4.574018660652609,-14.192530346026203,-0.07007547249277227
5.018293240961219,-14.032621790405635,-0.07212704975396939
5.255713338141584,-14.075909111381685,0.06525419901846084
5.762448411693199,-13.972023611235432,0.1154724833878216
5.923475937880036,-13.758153927521045,0.08544202750128646
6.314192794985988,-13.671411461076339,0.09119523265973567
6.579293783747158,-13.511181058456522,0.07300749037335899
7.106565493689185,-13.419672534600888,0.1377191662086886
7.277597678853693,-13.247840356782945,0.09409066049384784
7.698034340177668,-13.18336304051899,0.25396860407463684
7.906618142966743,-12.903805794693307,0.1654378950881745
8.18948424556648,-12.762155147072301,0.22371000873348867
8.481306997616775,-12.56661389926817,0.1786142885493381
8.949034811857139,-12.40565336663912,0.1890016900742257
9.104537873353333,-12.179441649931205,0.15886926541980836
9.424423319669977,-11.940688123592702,0.18512642398729515
9.577403477569538,-11.694012566106062,0.20113469649494936
9.906678302338246,-11.486243318407952,0.15254799459484647
10.128681428964668,-11.257535354329525,0.1418966698529888
10.537035248456277,-11.041443957851724,0.15050638040172593
10.666554018589663,-10.802308159203934,0.1697501099632846
10.920851729516777,-10.505494121500462,0.1599601729667252
11.033661992686246,-10.163930151132977,0.09089876239961525
11.528652229528848,-10.061959789731837,0.08086474720348974
11.631432378793683,-9.739958707049144,0.06249538137811625
11.812169981965221,-9.404492226287639,0.0524240924654617
12.074573686431423,-9.16887969436428,0.05325015446104199
12.291149297889488,-8.901585185892618,0.00975553493745418
12.369861501755544,-8.596380027256675,0.13932428698019234
12.67033278190744,-8.347377060377903,0.08380461445432871
12.760801662606346,-8.002953560590774,0.0492522188692028
13.065369100699069,-7.699551741842347,0.0423694505493601
13.162872126391715,-7.367509530325916,0.0024413674853177164
13.408930711285077,-7.06223635563219,-0.054495113767075345
13.389980265204967,-6.666278310249201,-0.06266335718198174
13.674021931897716,-6.503726402042421,0.022219727896628468
13.746086595106645,-6.152538516179475,0.0023667455802120416
13.914817298174913,-5.8538099731536155,0.004396067824457908
14.02367242812982,-5.524595945814655,0.08513499194974306
14.208433395169862,-5.240922149240446,0.07699628254732452
14.199220460817646,-4.8422308309402675,0.05139903937354836
14.428542146158634,-4.586726212919484,0.023435742331998147
14.446741011975483,-4.247008210133245,0.05589679781001129
14.562552522833215,-3.9405388457543213,0.04969929042556019
14.636337382633451,-3.550444985255588,0.08594610776396108
14.611564038304438,-3.0925905028805802,-0.019894774334306198
14.649190634209681,-2.7576723718970957,-0.012243881473357254
14.87032326897176,-2.521789225445782,-0.038454203055746344
14.817651273429394,-2.133400106070497,-0.019122048712039527
14.951883511021505,-1.7943615066043619,0.017881110533326694
14.96197023766509,-1.4488668027321465,0.036753626856626184
15.04937469240764,-1.1124713593828497,-0.061610838713204524
15.054317228096627,-0.7684043628020074,-0.06325263007297827
15.178744493873896,-0.48474357877276586,-0.10737543275993089
15.129186349220266,-0.08784683366808752,-0.13533977847569095
15.12052438963665,0.32289348475594065,-0.09763196714646363
15.127995667748873,0.7087570532081904,-0.16113747044288593
15.029117864518094,0.9982217814174069,-0.2274068493054441
15.02889952565205,1.3912219849291643,-0.17648732867697342
15.026563000928796,1.7158143292896522,-0.2000387628156313
14.949147347304825,2.0454274066134652,-0.14948553823188038
14.957244943313533,2.4540825306362772,-0.18023124502234983
14.90970057635937,2.7786841166900875,-0.14960784423476226
14.819311297720603,3.1030681835110627,-0.1866686534271504
14.713155427584866,3.4212745998330503,-0.12924258341453368
14.620687306090826,3.7613318041720496,-0.14219290471047713
14.486722324743711,4.071009447401514,-0.06281541239706778
14.431508120157453,4.468927635310112,-0.08030093323336834
14.408858435931291,4.825962938076434,-0.16728746374856301
14.125525909743832,5.1316344562925105,-0.20447437977177824
14.091675253726422,5.497174186370229,-0.18692140931506296
14.00666170484007,5.8333346790528475,-0.2709207285294571
13.878671265619442,6.126783129033012,-0.23988828930985834
13.69427559698196,6.4713147137365015,-0.31215960798834785
13.584743416179208,6.776894523116841,-0.1369145790914711
13.26740094019858,7.097033650121414,-0.07088378236812021
13.119139806550361,7.371760362976268,-0.04216913538582809
12.885447267046553,7.665111712895198,0.004460469817206714
12.730289989866174,7.915237685541701,0.039938680353937106
12.570689086590724,8.2866190741909,0.014993842334585616
12.428750032699432,8.52927402636007,0.04566458984974364
12.149814451922332,8.737779962163126,-0.027099867890013285
12.000712188057093,9.0399672722615,0.03716972761943155
11.760398063622073,9.37404048700247,-0.01880849441176735
11.539881457631278,9.646071046077347,0.0009803687844682774
11.258018730447318,9.934936821817443,-0.041171877490055075
11.126750116096135,10.196022044359346,0.032356735098993394
10.848739370711248,10.425755223060275,0.00600456188266113
10.620489314885344,10.613386762516189,0.05651470804428538
10.34292078932673,10.89027893203546,0.02208898138509746
10.09652248062096,11.121559725188106,0.03966179928374697
9.785300168586113,11.39780012561224,-0.01180729527950336
9.601909727417073,11.67708924808696,0.013036824761636367
9.257860022080996,11.875987542026467,-0.06732290711412953
9.046057229114695,12.086158172764357,-0.014882631036226862
8.660945017100177,12.327276785308412,0.04079638729043733
8.396563369669508,12.51102932784182,0.058729172601765744
8.114653004940243,12.802492008062483,0.02369078059926716
7.886562206415748,12.78111156296618,0.0909905954333505
7.5598083318492915,13.075171173638749,-0.0029261038673520368
7.264557141866275,13.200509675699786,0.038648650438324605
6.9402556884184525,13.358155762490986,0.012138248342520308
6.675134378484856,13.531083503922854,-0.012607321309609953
6.330338083080295,13.67726509560187,-0.021005815193709393
6.050328521760821,13.878808997631307,-0.0025356686649409543
5.668707266775416,14.149631071396072,-0.026548240765197545
5.373047042691945,14.195844731504009,3.8856723044600194e-05
5.00320580178719,14.360137294663453,-0.009533879021277863
4.739547770828115,14.308945551250744,-0.0004471408323473425
4.399694544744827,14.413174054537999,0.007919329249620993
4.0859398746536915,14.46806704319572,0.008552026494465487
3.700352200262282,14.704168420401686,0.008150331428215002
3.415060448061403,14.732972029793212,-0.010445044281940513
3.0689169912089054,14.760617268451867,-0.024030944596766232
2.7476736977501823,14.875136841064165,-0.05066307075183164
2.383019744050155,14.989382504043578,-0.04846172844090545
2.0004623452421595,15.034747061478708,0.006551883904706915
1.6148608630947985,15.077454329612193,0.05437925482333774
1.306775115391978,15.119803891948914,0.037230185086028905
0.8878120040425214,15.302781047194804,0.0980831213910384
0.5616964950258339,15.381454122065632,0.06882904905545677
0.2044141247767964,15.303965407513843,0.05533633132244949
-0.14560274396145498,15.221172073670623,0.044187230364409115
-0.49916634076920063,15.26287131280992,0.07706906553434255
-0.8209471840697096,15.17657862863783,0.0630781047038945
-1.232452576455498,15.158356383873748,0.09351861578202729
-1.4981311280537943,15.13716668712758,0.004947258876325619
-1.8181170103168358,15.219186206806793,0.025336400919580587
-2.1906266252590516,15.179901017896105,-0.0496989304396
-2.5272618092027197,15.001029616492495,-0.03139993249312775
-2.8590403798213373,14.955927503856639,-0.027832563914619607
-3.2750121352008983,14.983227890342775,0.04158972387895973
-3.58961991345589,14.777736948784037,-0.009638942082164148
-4.0061364346325,14.730053260251207,0.050723224595250804
-4.309149588801338,14.613732928377482,-0.04531465649250474
-4.638704299382779,14.501633352426923,0.016887432948236025
-4.952164928939917,14.360736426328227,-0.013357048860076243
-5.332769396893481,14.291071036277543,0.024930148609046632
-5.623909004830566,14.182028891972093,-0.012136229970186513
-5.99149569040765,14.128428780340352,0.017485983076194478
-6.327831360952805,13.926710710052022,-0.04109299232131003
-6.620682174919575,13.738157951507665,0.0027926092347440035
-6.904075493416067,13.56105253198006,-0.05251340253832604
-7.207314965373495,13.394747262779006,-0.03659849803421972
-7.542247938207828,13.310084380550347,-0.02777777792258762
-7.694486366288815,13.216025082933077,-0.26416873066932595
-8.009268202823467,13.000040328571634,-0.3288853494528249
-8.223062097076369,12.735982490824403,-0.2650957245178152
-8.534646214133778,12.58204981721507,-0.32204045429804196
-8.871311550462782,12.397261776701352,-0.2722094282663503
-9.136423625637471,12.227944394514257,-0.28149403609388296
-9.47764876718827,12.100497224331372,-0.1976339677345827
-9.757659493012763,11.90256449918598,-0.24795661598216734
-9.965596416191069,11.689184742084995,-0.18835740896152492
-10.096447024285228,11.250904356730642,-0.5298490809210519
-10.448667592859334,10.859730078599046,-0.516032747021869
-10.744914758527289,10.864035341706211,-0.2914053737158388
-11.021964605365449,10.667825353512901,-0.2647485473774662
-11.255394342769511,10.502541464045393,-0.2911617230448585
-11.39808452172305,10.234402713743991,-0.2814241392201693
-11.619202003371374,9.983093983762943,-0.2984977731792321
-11.937258934879498,9.6670908130277,-0.1950640422891951
-12.117245775063623,9.426641756830374,-0.235678795958418
-12.356638911448524,9.175304672863241,-0.21674479520166762
-12.573561255093251,8.928570743090788,-0.2492562753646606
-12.785735764954758,8.528050287076631,-0.16019093939606643
-12.949569286000692,8.280382594511353,-0.18253622116187002
-13.175769677302261,7.946971792987086,-0.13857062446700824
-13.292574391902455,7.725688263933479,-0.17603160068182078
-13.509923281383207,7.376605410215723,-0.18359842350748845
-13.671287982202951,7.105157591296893,-0.23127506217019406
-13.752907721054436,6.793228406543427,-0.1801579869351161
-13.812007001970102,6.608192308166016,-0.21875474922762045
-14.109949342654682,6.087585827192969,-0.15017217133190147
-14.244318688212111,5.783172721140927,-0.16139722796279982
-14.30576347872627,5.436753281169448,-0.12842091123592542
-14.476904697548102,5.240960048120863,-0.1750384717066856
-14.522368870182714,4.8616341539006,-0.16858405422947104
-14.533342238017154,4.639784658780305,-0.23117995144842288
-14.726799956965786,4.18044600172763,-0.17604710054293543
-14.782208332901343,3.9213978642474947,-0.18130997108522467
-14.948710145582323,3.515207348574912,-0.14605199015371423
-15.036689655762917,3.213100303333922,-0.16174655921148884
-15.098369736119256,2.786507717112885,-0.1110081240873933
-15.092373172150094,2.543624133788072,-0.1294946701823036
-15.223453869828733,2.071637248710827,-0.09542420557022602
-15.204648115667093,1.8099548335627114,-0.1261135203234052
-15.267512246645996,1.4355166034113795,-0.12406740434889524
-15.257872811446004,1.1647508772426247,-0.15317010929060765
-15.260681623133618,0.761103483390466,-0.10343980346658438
-15.200923590643983,0.5197140938141948,-0.1182634933776463
-15.277061277148439,0.033232301338083435,-0.10103779564046278
-15.214376176166544,-0.24584886185711827,-0.13787186617533706
-15.187906218904944,-0.3641939384515233,0.11950885272737642
-15.101137930241924,-0.5983142411468275,0.09993312816056896
-15.046657322394111,-1.0012890231251927,0.11888830530463479
-15.05082358778606,-1.4098473529468434,0.07217337527611514
-15.134908673279586,-1.8900183010061369,0.18832258296958274
-14.988356636761509,-2.102403891428456,0.17923584046346866
-14.93313459758199,-2.518267964713748,0.11852954994646714
-14.893952425578567,-2.8188603393909277,0.18447606202063505
-14.745737925103189,-3.2692901063470576,0.038527767792662926
-14.610327914605724,-3.5525471626745673,0.0017255166727184745
-14.580479791423272,-3.923172816228667,0.1427179254716196
-14.473792650874069,-4.204044936108982,0.16419845202655697
-14.432178433104337,-4.635679383751035,0.16862100072181904
-14.274709715137226,-4.949188691477955,0.10925310374953151
-14.063063929764063,-5.271337350464563,0.10444778830400675
-13.928115303004997,-5.53753308578168,0.08730261955952572
-13.879824722456986,-6.042046922522782,0.0812784806829251
-13.704029426365427,-6.280988843654407,0.10001078685961926
-13.51511398180716,-6.60158051187302,0.08845312913626531
-13.294886297415667,-6.814674280798124,0.10872684088141157
-13.072586164800915,-7.170404335729938,0.0363771847401599
-12.881560413978782,-7.444294337333841,-0.006342906805826332
-12.776139187378247,-7.815827381096466,0.077063019865429
-12.539120916139574,-8.0239717589758,0.11456791989230751
-12.285744552621432,-8.354900413908748,-0.004398191321552905
-12.097773671244527,-8.729648605676381,-0.06628452694349338
-11.868012343487436,-9.016220657791212,-0.09326946438673421
-11.612264796418602,-9.174856067930815,-0.02455017075273843
-11.351636214248447,-9.465200539799948,-0.058452118093323124
-11.132690621365676,-9.736309400404144,-0.03929195770420972
-10.90605295722296,-10.050186151428589,-0.10840509568850583
-10.662013077425886,-10.335590835353566,-0.06955066522137082
-10.468630542409095,-10.680717834809705,-0.14222759776643937
-10.195718157172418,-10.86965288079173,-0.13187576235875847
-10.04456423828553,-11.189091160602338,0.009992455179600429
-9.73176157096645,-11.298494876242122,0.07734894862951347
-9.443176037849542,-11.56648219012382,0.03954456546793016
-9.084396938479976,-11.772633861729716,-0.02443253961225205
-8.895521308168222,-11.987770688376708,0.046138069044921945
-8.569308673254964,-12.09419272645348,0.09903390208376736
-8.242224554430218,-12.31286138047276,0.03753432430259834
-7.974184648777728,-12.586194448389946,0.01797768845210937
-7.682240179832016,-12.740707284361584,-0.0034187938483672825
-7.305598658964959,-12.974882444542857,-0.00498512805916812
-7.063526519637003,-13.198752590403306,-0.11001256428629742
-6.661090643637849,-13.276388953182883,-0.09732690495018931
-6.373392371692788,-13.439811083664024,-0.06763455745292055
-6.036909621530019,-13.61294673610766,-0.05953848490222845
-5.814917824692416,-14.021508187317412,-0.23802043826205757
-5.44735563158068,-14.057695182824803,-0.09513326956127872
-5.176051719953295,-14.163811121653362,-0.10516024653014044
-4.754444296147339,-14.215066031372352,-0.14577363649588254
-4.457933586484687,-14.526258780426378,-0.27498108177575353
-4.15157352226464,-14.585309531702498,-0.19325240316352182
-3.8671174663207806,-14.637197148499142,-0.19022111134591235
-3.455344042348406,-14.78225304479413,-0.11623888488548706
-3.1927279975590044,-14.90859993055853,-0.21290212349978616
-2.8483978866079966,-14.928169913695939,-0.1536253536508703
-2.53025331604431,-14.949643472469587,-0.09024641365656183
-2.1828608123744107,-15.05265873641686,-0.05878714312942315
-1.8652247541143048,-15.128342195503734,-0.023247052156880388
-1.4302394390047917,-15.25563737825238,-0.13822033040785336
-1.1203492370023487,-15.251913552658907,-0.2615193886237051
-0.7410709822105807,-15.2666356800749,-0.21706126974740225
-0.411765137325486,-15.279257680149577,-0.2201769148571192
-0.05683688748754978,-15.318420103310405,-0.15602785787782003
0.22924650678298714,-15.264334067292046,-0.1654703729913078
0.6529604556596423,-15.36710244805743,-0.09845176612919954
0.9228128980326963,-15.293571161195358,-0.1697608231266216
1.285215682921198,-15.251562085414442,-0.0825546726459232
1.6174769508551978,-15.28839556499723,-0.07908250248386506
1.9643263227935042,-15.231009461930288,-0.04736810848722395
2.320712698328866,-15.229603955312168,-0.08879079560078967
2.6875748242990793,-15.205832819033507,-0.034200627745404055
2.8346824054636244,-15.140132960300633,-0.012648341304110633
3.161041321797418,-15.066474102948808,0.01740898197347096
3.481966433464471,-15.042742419375625,0.02885956337514267
3.8797126050169064,-14.900777205474702,0.05505007481674706
4.321644416588263,-14.75535794787379,0.0385118000333452
4.717287135145387,-14.650487955413062,0.10600392909941653
5.001556990282501,-14.43084805650829,0.04390478098606887
5.32998497031187,-14.33591621755196,0.09737665644165933
5.667464599321913,-14.236306350085881,0.1105077902319791
5.87270570812736,-14.152773314528984,0.1599993288314206
6.163127925414621,-14.035325922739434,0.15580458102696382
6.5156604192579834,-13.923150720331844,0.2015355174442648
6.870171183263991,-13.709542585647256,0.06990511408261468
7.152363338040702,-13.54972552462439,0.106221541643092
7.495423215590588,-13.399309872086059,0.10049253674221437
7.722600998096469,-13.223006975348525,0.17254094255774455
8.08253797941867,-13.04026148293195,0.11823481550122872
8.345049527828415,-12.923324803362222,0.16237858549775552
8.588018651605955,-12.631921718300148,0.0926853951879637
8.832640976660503,-12.449194927976809,0.1556608487812179
9.244127156454393,-12.28503449505827,0.05789389322950789
9.464700264946885,-12.088588068145935,0.08421626232082968
9.757674633668389,-11.858573769411391,0.05450018416262992
9.947488222912364,-11.707637294696976,0.10584496127073595
10.21429000506041,-11.378532660596424,0.0583349005221937
10.371123341559267,-11.140628486491503,0.12147906549961612
10.642127049747506,-10.851152134819564,0.10211198178161696
10.90588270953107,-10.650146900579943,0.13011198453579853
11.128903577379363,-10.330345057103289,0.07084674337077945
11.358765105072502,-10.17522594708506,0.1272709239222678
11.514630353682854,-9.806053962682277,0.11620705603878212
11.706553040693029,-9.603287793287713,0.07614988365412867
12.068197648444658,-9.34005091339916,0.026307891216626023
12.158005171785017,-9.079149907218369,0.05401541596575177
12.44607187217797,-8.758321405655913,0.013185871260960158
12.615729546633423,-8.521425742712209,0.03805933601281458
12.853398297908058,-8.147112468798113,-0.0016467095004419896
12.895471770645344,-7.858005546620242,0.038922967874512715
13.150370597494664,-7.561859782965992,0.022399568612402276
13.219668624077574,-7.267329440765191,0.03943662444559248
13.381212207478594,-6.897314354833034,0.006942954974060389
13.533872554652525,-6.6197264525495285,0.05476702400509556
13.771794147403543,-6.233836568329413,0.028005209053834135
13.85813472097066,-5.9320274307231,0.02883928452335524
14.141397864743329,-5.64421439852165,-0.012421603696321837
14.055798217361312,-5.272405609403693,0.06257533244694855
14.194171381618755,-4.9089824814188745,0.024862301515238383
14.282409880186359,-4.573954449013193,0.07947877618329732
14.499219896930517,-4.179412692954894,0.08493775315837479
14.557009073114626,-3.8894989142286334,0.054833079351238476
14.776475307146763,-3.546917227661965,0.05076933543977126
14.795099068786833,-3.218288471765947,0.0784485051967179
14.837221284711463,-2.84690195947252,0.06472505989001259
14.818836819194628,-2.4546256352779325,0.10304929225655066
14.89277741187774,-2.1077771689347116,0.06997875530312969
14.88621238906474,-1.8049492248701162,0.03044521459396386
14.85929165750128,-1.4646102883949443,-0.005070916090329024
14.81683003514524,-1.1025256762857585,0.012233544331363057
14.937780644985864,-0.7174092160044641,-0.013936768972174295
14.978799260107929,-0.4099630815703854,-0.03450770031158302
15.112314647234864,-0.011366888566400045,0.04300930296979433
15.064387124774099,0.35027553482884044,0.052891854818329906
15.147900004328774,0.6440270327412966,0.030446485687791236
15.025588041223468,1.0100688710399321,0.018365931629975935
15.046760909307686,1.3771622234149001,-0.03671345488209582
15.025052523414844,1.6772899265652204,-0.07805264423198899
15.040840882822456,1.9677965661392132,0.002435894236918923
15.041942163257879,2.3374699537070254,-0.04123976482650672
15.004372054528762,2.7043845467003225,0.0009471516277620995
14.848357865289056,3.0402594647911596,-0.046513964989673195
14.72003235425896,3.4642271219926,-0.08147958205138048
14.549772498805602,3.7622305805010727,-0.1796858842984345
14.581980361694477,4.071726329141732,-0.10675396372268514
14.50686868787581,4.3632077990426925,-0.1394141213693103
14.426330394028769,4.707142524869675,-0.10049540897379694
14.276347065653813,5.010724580657825,-0.1527303151216201
14.211918985766122,5.445089316529758,-0.09690972769934475
14.102618361589727,5.761010152856984,-0.11102544593182861
13.94228010376097,6.074172502795559,-0.07664306710532537
13.776050123044849,6.356261377381147,-0.1336609367163104
13.582656014841492,6.663610799010547,-0.13006280554247096
13.448014808524306,6.967704443166796,-0.14943769189772993
13.259837220725469,7.26698052286928,-0.10768637461650471
13.175146983817152,7.631519656789988,-0.15457521842070626
12.989730528505168,7.967654618955613,-0.04496921155616396
12.604843304655054,8.237225059650054,-0.2376816145444401
12.453748881648718,8.57584244567804,-0.1284104741032307
12.309228945781125,8.775999170969117,-0.18548184245922328
12.137994919953085,9.164054309520397,-0.12901974032870883
11.969970713172458,9.41475988967322,-0.14935080671718082
11.762782152531845,9.655671100844412,-0.08496031141096622
11.58651853443689,9.846690595119128,-0.13322884803680757
11.31273686830308,10.154314041660179,-0.08534095227669741
11.035049059760887,10.417709179069533,-0.129254777671291
10.75361778042903,10.771902379518037,-0.1323687973456268
10.53959392398228,10.982938368167863,-0.1729042446828114
10.226396031002304,11.127499578489209,-0.09859437293431678
10.093406062302591,11.34711737898708,-0.14363719347309611
9.828278348803158,11.600938211479928,-0.07120208404343015
9.537784140501454,11.845170721357583,-0.09094927821429416
9.207817428097458,12.206687041993966,-0.060414081292309574
8.97153504264768,12.381993651117494,-0.0873709129939087
8.655545691749406,12.574753141185353,-0.037982833349669565
8.43115521291173,12.674618650624582,-0.09535229156639108
8.152981041243665,12.779672418366225,-0.09831260919130264
7.843616510243125,13.015432339674126,-0.10207270104918242
7.492707535099412,13.331401711577277,-0.06834505973312494
7.2344731824820885,13.494128025820672,-0.06439770728460714
6.8763916996412755,13.721139300694675,0.036968522774068924
6.625099857522568,13.788973208945727,-0.015915019725740442
6.281257975258339,13.920358852534587,-0.006427252119209692
5.979900615214679,14.051218749855556,-0.028447356726682443
5.5992348218226615,14.311719705641554,-0.016083798082472955
5.322729098810374,14.389429051119027,-0.04605890334443308
4.950897671087308,14.516778590679165,-0.014681813211606998
4.711179926465664,14.541926720425753,-0.041617576406494855
4.388391101284333,14.575309617173758,-0.04020510615702039
4.307741864039271,14.524561600954122,0.06832157012600074
3.9458303410358555,14.599680256412231,0.08570034167811758
3.6731579256535194,14.687415434714746,0.03845329909786291
3.2436042762229103,14.762688213876507,0.09783751254189893
2.9825908152727103,14.85342541432995,0.0769002345624604
2.541988666291099,14.976766308965026,0.09544234969104379
2.1552240602329467,15.059131011534692,0.03804493960562616
1.7616031571609836,15.104268860295296,0.026134423234038445
1.4436732186828456,15.18295191795492,0.006372957604146412
1.0181649098200733,15.285472566625954,0.029843443393873376
0.7341956117381975,15.264800576477315,0.029438138319222013
0.32026552631600375,15.36484476475229,0.11230587155243113
0.05893930723619252,15.31558793058666,0.12016644939543786
-0.3623680721520847,15.292934607246742,0.037943185542572366
-0.6719184788433773,15.34373058353242,0.08187444304651678
-1.0705006985341965,15.38853556634901,0.10581102288551754
-1.3189480802163942,15.2935112548325,0.12496099744536447
-1.766571965232713,15.384965490913112,0.2045003432740518
-2.029267062542052,15.312775760754501,0.2419959105440721
-2.4187282476738403,15.26144322379831,0.16913644932367972
-2.7294258500778494,15.155760438390807,0.1661151001384442
-3.130867900526922,15.20483266493582,0.20551872013183783
-3.373410376773271,15.061185939933274,0.21896394596600174
-3.792810011951371,14.880449928973185,0.10286439005550647
-4.061777787578603,14.73626103157787,0.09157639499373707
-4.459382324014787,14.668898615777112,0.025023810823225585
-4.789667289456306,14.582407768636696,0.06004967264839657
-5.102429217849283,14.20173253084646,-0.15865573150789236
-5.380271209847468,14.224492446641595,-0.03439117770949157
-5.817804219527509,14.14501164037106,-0.04993884090538294
-6.052454696506693,13.920518166910425,-0.05771806103291485
-6.397846870175041,13.747011856049287,-0.11935830076064415
-6.696079158383215,13.594748688658461,-0.08089202914843141
-6.9919460500604425,13.457787895445039,-0.08629116554164354
-7.214980375759975,13.229832512090574,-0.0670484157682421
-7.529086126523824,13.01299169591567,-0.1024165561337268
-7.946119405172466,12.929520420980165,-0.13585226704128028
-8.295822465220441,12.847165790331006,-0.1075617065420866
-8.5380185214479,12.595899921098791,-0.06606525638794587
-8.819173490025976,12.416906495697534,-0.10828734911935467
-9.003540812428454,12.197482413764147,-0.030882454231141082
-9.333721580550945,11.937843943304545,-0.056305608515374785
-9.522712618581334,11.709943537268423,0.006375912982283599
-9.879011795307505,11.603661546562355,0.0032625347170285313
-10.12653339563951,11.353040996072561,0.04815772456401382
-10.402264322828774,11.240600941592938,0.03766652920773925
-10.61257827795284,10.931343866933684,0.004709531526946503
-10.814729562450264,10.652559950876606,0.02789150164589818
-11.057621085322518,10.416337513638142,0.09141294537549172
-11.387645251022313,10.163707637136778,-0.009356230902885315
-11.603161557313197,9.845686296114025,0.018515415573877925
-11.805599929778774,9.638073702977529,-0.016828632467017324
-11.966189387760364,9.344165581340688,0.011312737561469943
-12.25490683312385,9.05693715902634,-0.0210667321715296
-12.396672978815628,8.737209563411668,0.002934786009386292
-12.630967247449837,8.485125047989948,-0.0041586398168993455
-12.833749436474237,8.149725582932843,0.013038024817368293
-12.994828691064889,7.8940919178960725,-0.05231709564319181
-13.16614837180096,7.5927985390810395,-0.06236988298749779
-13.522781145387006,7.3252457884240965,-0.19585684439147794
-13.644108675584524,7.000524174089889,-0.17451955010205256
-13.893679600753144,6.679077366428138,-0.2779049918529065
-13.993463920001576,6.318368556199528,-0.18068877168457903
-14.10136875049625,6.04034201134841,-0.24757393023581653
-14.139758510017863,5.715091761576896,-0.1511245035922173
-14.408392198685815,5.4075059729473365,-0.24916166685873958
-14.515406335142915,5.104144031777497,-0.23514755379778735
-14.670451801917359,4.770350554274014,-0.2761742868868738
-14.778474748379953,4.402988934676324,-0.2264554064383546
-14.753576726105159,4.007684336125204,-0.2571272892909272
-14.703672761625992,3.7395865841411915,-0.0767481164322098
-14.914665346075845,3.477063729787452,-0.13892735800858586
-15.018083389925833,3.192669223763135,-0.15313959918579195
-15.101163710490988,2.7901107061981345,-0.19280371467067697
-15.085703938346274,2.426008966333356,-0.049775348404662856
-15.008486469201271,1.9904312137846578,-0.14089238693015715
-15.019689711036255,1.596114116946306,-0.07718758950697113
-15.11873613770286,1.1943543821113671,-0.12936881631042468
-15.110333601833982,0.908612313306395,-0.06953613612592624
-15.127881085794789,0.43335466706849257,-0.10585161991355907
-15.111328605195924,0.1515736433161304,0.016278805025198184
-15.10708085053878,-0.2608027479672864,-0.12367830103003041
-15.104972196132413,-0.563256277831357,-0.10581420136860314
-15.06314908480515,-0.9064751475335462,-0.12017452295589526
-15.087111657700982,-1.2152142075901629,-0.08153082625303343
-15.063221743885899,-1.5950204429114843,-0.09199975433830887
-15.020089322368676,-1.9221859915290567,-0.014569313151985896
-14.924959411245437,-2.2890584277820576,-0.08793535724582457
-14.850998372257209,-2.530581555621062,-0.04070716935020796
-14.784701828786977,-2.87143350747691,-0.08099958156288989
-14.771504280698082,-3.2134016027746344,-0.0687319744316236
-14.731096200622053,-3.619213281931954,-0.11391194698759177
-14.653803220444791,-3.9444242923977413,-0.05778098389700592
-14.477080889741691,-4.312524855014873,-0.12704695420073753
-14.363773982986155,-4.51138987242,-0.055632616346084074
-14.089785840434155,-4.544727131200948,0.10258557125975942
-13.93312549246792,-4.825698648129193,0.14192391993384135
-13.765211550946969,-5.237565138896672,0.08444312737708853
-13.732551986068584,-5.577038568477936,0.11577144650539184
-13.78725740681088,-5.889085810753057,-0.14055645320328802
-13.532745410985624,-6.096780539525082,-0.05039049078258334
-13.441330349839157,-6.551179599777874,-0.10831150413012164
-13.196285167455807,-6.829150413431576,-0.037059881640681136
-13.017334453199483,-7.223277652820944,-0.04164322190298769
-12.840120465938899,-7.472652876146256,-0.018701649767848882
-12.572014213802339,-7.7346760496308065,-0.0459138585224908
-12.410616307158762,-7.992041636954452,-0.04889790606343253
-12.217366660035847,-8.498139820218443,-0.03453304705418392
-11.98973064939681,-8.686805820982318,-0.029173756304161413
-11.824296490571871,-9.122025301364491,-0.0492423275658643
-11.611329283746413,-9.36332799567916,-0.04519961257982438
-11.400335272406673,-9.740475965973538,-0.06097926575875939
-11.08369929306391,-9.896202730605339,-0.019673177913261425
-10.874332421219638,-10.120730472527935,-0.07590736278582183
-10.64204221620494,-10.30282496734721,-0.09878546524297527
-10.367209776649844,-10.88844624411868,0.021034015787993132
-10.1384788235706,-11.064675524768438,-0.01660975204863397
-9.900792363840909,-11.293228359950948,-0.03967214369974342
-9.62263601018718,-11.349761816582275,-0.09448771710269682
-9.45452890511351,-11.84434651320147,-0.05000180680868112
-9.278407416352046,-12.122831282074895,-0.08630135663330768
-8.911334077647139,-12.146882171776538,-0.10513888212461599
-8.606600911199779,-12.303098200719138,-0.16740344479593425
-8.301000472232747,-12.484434742430617,-0.14304544626452817
-7.970754004321163,-12.524820365922336,-0.1973896706241031
-7.7188466025378295,-12.902052039495329,-0.1552751844123446
-7.428768888245826,-13.024107243523842,-0.1851995123499632
-7.133482664700969,-13.282540044803039,-0.15786188205289867
-6.829443051429757,-13.433692798025426,-0.2030106637375016
-6.530095515987662,-13.556716632505493,-0.15376575768229317
-6.194891272575726,-13.627541960017044,-0.21674356468211656
-5.915768722220687,-13.928393327482953,-0.1712354317849486
-5.608562928895346,-14.010388093457514,-0.21150602957854514
-5.320936826498076,-14.153380561673215,-0.1459242945685788
-5.017513653759883,-14.471955274304385,-0.1426893284619669
-4.674562262958491,-14.555267302047483,-0.0714992856004022
-4.290484998337278,-14.526678299380132,-0.1492252566496324
-3.959141124896369,-14.712389936326108,-0.1221363150769782
-3.668074212050114,-14.74905550646233,-0.18498127269625275
-3.353826550004243,-14.886487196257717,-0.15714665033176622
-2.9966468324835303,-14.951919769856179,-0.22250468539221419
-2.655198891210916,-15.013802553928823,-0.11434633928806198
-2.33997594043469,-15.04951965236058,-0.1480446771327284
-1.9992652651639353,-15.235670387646113,-0.0653233122825011
-1.6468148133996607,-15.179749472086423,-0.15836531342107996
-1.2998448324473821,-15.120362446733363,-0.12663103694589362
-0.9387495583813176,-15.231903521368238,-0.24477299041856942
-0.6150738136426895,-15.213179942288031,-0.1597794624091693
-0.2953546045541965,-15.176634172137481,-0.2276113140357343
0.05271608890519194,-15.277566469209495,-0.1705193598057998
0.37831328855130647,-15.244930307458446,-0.21654369862240064
0.7031288890954386,-15.194464602144105,-0.12237039500692282
1.102326329745942,-15.292187280193787,-0.20215560513935005
1.482320788518627,-15.223807653273267,-0.08029797413201567
1.770781453910008,-15.150889051356899,-0.15578959841386336
2.109932554054859,-15.18101951736967,-0.11394653625914086
2.429091391714791,-15.103897273784222,-0.16119189764313768
2.8370495574470254,-15.076070246723152,-0.08373867393264911
3.170043098696461,-15.0374039837411,-0.15374148734519433
3.5634713630318684,-14.872877644684408,-0.0751050150164787
3.816353334292176,-14.771826419211413,-0.1417693328528593
4.0828331643782025,-14.6747018350421,-0.10757820755691527
4.395972425554707,-14.630629116015518,-0.1598218820270711
4.776848839219466,-14.407213746230868,-0.12310966535379764
5.156220731037546,-14.415605827868761,-0.20205965619709643
5.566845714253373,-14.252664241053942,-0.05111420428208446
5.820954722922611,-14.130619515255875,-0.07877454574430998
6.131723555734976,-14.057797917203313,-0.02880165020565051
6.333419558560511,-13.905380814489817,-0.092642550298567
6.720933130855562,-13.694220414665484,-0.11411350458561031
6.993848262098438,-13.575201735093582,-0.18093947820741896
7.373703316908492,-13.33353252416919,-0.08340480687053553
7.597174073596534,-13.168269613447055,-0.1143671493979615
7.856373716703647,-12.961566924588185,-0.08923158334504622
8.10166047376543,-12.856185682480778,-0.10791216708328732
8.532807637533688,-12.636112545163613,-0.059027794777194054
8.80892182721615,-12.501135440733151,-0.08353336635882969
9.131529788827384,-12.207701217139109,-0.01908214376007905
9.301700717489803,-12.001568382085239,-0.056873623678041274
9.433251083237693,-11.809563428569303,0.029026421832548055
9.63009905701348,-11.596447735303165,-0.08363524701627778
9.829371792586919,-11.283613135047677,-0.04662544127655033
10.099905533214312,-11.135097972106024,-0.12070733295662772
10.408825512734555,-10.804406460449204,-0.06733587168038085
10.56312181054521,-10.567908548546201,-0.09837281733799824
10.922659436923116,-10.336188260448845,-0.05747115476886072
11.070113457931196,-10.0652181389218,-0.12161892170781746
11.447920552041975,-9.796694752545614,-0.020282248335235786
11.65206047686711,-9.627627247241561,0.032944716754125386
12.038554583054468,-9.234111004910062,0.03827898640590033
12.169346080274103,-8.963377262941703,0.003792508450579546
12.348212581236924,-8.702658133153841,0.10677612465729314
12.556229327167115,-8.393027902648784,-0.029885627992846386
12.840708845744382,-8.094102671175696,0.06443077382667936
13.030260651059763,-7.8464319032187495,0.041763676987006754
13.262227259050082,-7.5281659496229985,0.16764592271908904
13.364208257890239,-7.228735898981842,0.12987146654204587
13.654631410982168,-6.942358052102925,0.17533408446674006
13.6575263717247,-6.681962565929941,0.21262286854234416
13.850622140501207,-6.316538831755845,0.23388898748915024
13.9623695099508,-6.058957378399005,0.24329310458138176
14.103516999842808,-5.721227275986552,0.2993508379034322
14.197678874559294,-5.356298215228976,0.22946594984335278
14.409327862691987,-4.956457227743138,0.11014995179198919
14.391233931570502,-4.656321596288528,0.11479628040181909
14.621717539419828,-4.352312237812493,0.22294986248410095
14.688556707957497,-4.03655262341212,0.2227932838175645
14.908909570919636,-3.6060631475789973,0.17310198062770082
14.796404842424907,-3.294556370680117,0.16440472407402007
14.94832561098901,-2.9783651431969465,0.1997741249857507
15.009685739658496,-2.6314944331501615,0.1586577892217764
15.106523520942922,-2.230753164785441,0.171515464958451
14.997402482464416,-1.921854143458627,0.15238471757921968
15.02712138576841,-1.5133210742440837,0.11600702757293439
14.941018555654495,-1.1940445295808026,0.1222878787078075
14.942878694049773,-0.8259231569752264,0.07763433293198534
14.943502006685284,-0.5042616553288655,0.09320832431236975
15.138599137447546,-0.10525081350591993,0.13105471861356158
14.950443026140734,0.1935740431423076,0.148274250152423
14.882825902274728,0.5356662541342722,0.13226697977587717
14.94127102028948,0.9107532323955674,0.12427468618153718
14.893513181791816,1.2721799262468227,0.1156287273119965
14.898290171938468,1.58105681597713,0.13056757522328635
14.970051099244822,1.9770591245860638,0.16904584681652376
14.881233176150888,2.315860835328595,0.1363241517480808
14.88259765988027,2.701759550375852,0.08644450245146271
14.757791565151843,2.957559764509373,0.20146995350284794
14.692402334089499,3.3142087325204748,0.16732696193797414
14.61788812431955,3.617889693091378,0.2012065260265504
14.682092896941043,3.993294670542674,0.2578471331452424
14.506400572127838,4.3371395117882745,0.22351692297259118
14.287849332264518,4.636795012285038,0.1497422918767193
14.170942288064108,5.028955092607315,0.1520010350796306
14.25900145921127,5.401287991537276,0.058316717219245945
14.055162888385757,5.683748386461607,0.11142629533922956
13.80647700556667,6.022708091669835,0.07390584740614678
13.682723992219406,6.3855900598595055,0.12119993826399447
13.609449143680894,6.734548623081292,0.033280813765584505
13.448611027774158,7.046627290911626,0.01568160437247787
13.351561063567816,7.369711712076602,-0.03852381801480087
13.138208397155292,7.630500103252763,0.03194236949059491
12.90256481439428,7.926959595447792,0.0067058244427898595
12.704013077583063,8.31276313246567,0.01932699758674973
12.571312613613689,8.617221101930333,-0.05657009519749595
12.323263116453129,8.912935330355658,-0.07250668992658188
12.125431533194691,9.182706335363887,-0.08945485757098456
11.989136122855134,9.505693027659843,-0.16015192479522244
11.771406991190029,9.874833816697878,-0.19476934675321744
11.521513296275002,10.110539660123807,-0.13279460932730744
11.253179447078573,10.2635774118404,-0.1776485187265378
11.007315597270495,10.573483788709067,-0.11527599325209847
10.889310450118135,10.838312266155995,-0.1844887049728115
10.677394882903286,11.043732662937375,-0.15427513664698358
10.468053643962199,11.352932973464162,-0.1411439687925206
10.188375806830201,11.562092288478764,-0.08490056612615463
9.896424686351132,11.772360097641897,-0.1325661690627537
9.622364412939788,11.976705639243411,-0.10748959438691547
9.299535702897069,12.197061359588531,-0.13468131870817196
9.05438183503193,12.39016246685463,-0.11821996349173677
8.75682249244818,12.557664521078193,-0.1428947218757356
8.470840873469532,12.856186307525805,-0.09928687792223598
8.10335003843885,12.851625492137119,-0.044268618200859144
7.820305239373481,13.1425918140986,-0.0488235277648133
7.586174184752193,13.348607817036383,-0.16921534537159855
7.194336213635596,13.422345449536998,0.014636878047029123
6.823342130257531,13.659095829500826,0.02017493579293872
6.57095035970387,13.848549367225793,-0.02044653549792491
6.225154388069649,13.898756403370761,0.029871909393174856
5.953617549477951,14.072225548097116,-0.018821404552662402
5.626125007217439,14.174476186203503,-0.039105379836956666
5.316881837633969,14.2945340201371,-0.008239678449713739
4.922690110453908,14.487248112169546,-0.0004909662455994668
4.639241305685685,14.575142299011215,0.03675853372121207
4.29151810401373,14.671530164644343,-0.02822285166996269
4.02120583151018,14.73591562064371,-0.0008202696488810446
3.657521174214749,14.8093025252891,-0.03141432103940406
3.3648790759291827,14.893025699511593,-0.027598571167383457
3.034128071135074,14.917518457957213,-0.04487519314280225
2.7475506851229867,15.044116715083176,0.0020165010442477205
2.2918063890737437,15.151521309735019,-0.0664112659578322
2.00149934907424,15.173745059995563,-0.04163423122602267
1.5832158133887064,15.243116973215749,-0.08530233063203951
1.3208906297920762,15.230294819533663,-0.0613824044130549
0.9741520860903259,15.294061684840509,-0.057165913754159026
0.7019874914472073,15.264267714827607,-0.03161039110784103
0.22855194929444828,15.119790628321718,0.1423659814617695
0.012152030001362819,15.045081835754448,0.159692095099617
-0.36634149311921754,15.063217946895481,0.08972243629518784
-0.6261991447034077,15.019143275912286,0.08422719387929517
-1.0882618163048796,15.025381536224902,0.08626862427053761
-1.46078193300289,15.075246649126319,0.09948393665585853
-1.836190481501591,14.984873538715306,0.052134351125199985
-2.099849416401364,14.952785602326118,0.07420655427900885
-2.4417827419997926,14.84758819298784,0.0673303043117438
-2.77723971288633,14.769242636311064,0.08195802695910706
-3.1980322373585386,14.797858924978579,0.06673389943323443
-3.4895089629573577,14.692645941754488,0.05136454184243988
-3.9017624498381065,14.665586965489041,0.03809438721483824
-4.153291844164681,14.542784862809256,0.016375180594926778
-4.478041170422631,14.371836180060509,0.022603653431453374
-4.805138154679692,14.187577351768782,0.06579733037079495
-5.230860009901999,14.225651450302523,0.02592896824016238
-5.564879182331274,14.087132059749585,0.02624136015915156
-5.949587736420968,14.093274641661338,-0.016422752405693165
-6.1860017703972785,13.90583487102053,-0.03857728527473762
-6.5165832391167635,13.658042127707157,0.018839227985061012
-6.836014989342733,13.449022813127055,0.0439910493172017
-7.174728021106437,13.306427852855705,0.08456325780229285
-7.554500252833877,13.16006774581598,0.08228409848720496
-7.8786064887946825,12.999906809266093,0.12318090378817323
-8.127718205331067,12.807668835537982,0.10084566328285881
-8.528366812376042,12.6699510612946,0.11091654991018841
-8.75685556663838,12.466894826267705,0.0705372039425974
-9.007013378916765,12.291670301809384,0.07265296058536688
-9.286653482649287,12.000733201058097,0.008003004007836559
-9.5691273403028,11.820294765703151,0.05786241194565811
-9.753823119480023,11.540577938671785,0.007845767209726101
-10.091999743131721,11.32110260334379,0.01800178321435228
-10.307725247107333,11.08266665917278,-0.012809679257591522
-10.703857123054169,11.13053888753635,-0.011942317019250193
-10.97534348716151,10.883186602506369,-0.03606549431901365
-11.244751955560995,10.736772236941487,0.04454363333174566
-11.36721536254809,10.391993250956167,-0.037403919240352884
-11.533579922370484,9.842446245611058,-0.05147611950548825
-11.767068878136206,9.615213958174417,-0.047093886163020016
-12.128769141853407,9.483251395341567,0.05321556645170722
-12.305287194360732,9.04028241188833,0.008231439510622468
-12.394694817603837,8.717786723018689,0.04437166993799485
-12.576856288326278,8.426837580563546,-0.02727935458421593
-12.81647587175832,8.100860165631111,-0.010803776028125323
-12.96926706913932,7.817788973649376,-0.05562226295632686
-13.210494045798708,7.57518143585465,-0.0194572411896487
-13.402689195464731,7.256302706708957,-0.06692910597514107
-13.513035250306348,6.934268590348159,-0.0002658288184930191
-13.649567390886435,6.638370669070616,-0.03535086247325919
-13.904633812211179,6.315370196542534,0.06655118048621067
-14.025755390241038,6.014873148372931,0.029470266442450044
-14.057659999773525,5.617668330325621,0.04601892194448082
-14.29310726867795,5.28870808090318,-0.06262546151449686
-14.367866906345137,5.108464645892439,-0.009758793699118251
-14.45972397521572,4.891525653467201,-0.0748846619988277
-14.324017424674812,4.408693608382272,-0.4596147975861805
-14.404844910715315,4.088856105928414,-0.5016364664408003
-14.647442354659788,3.9329271807808297,-0.3282119256786491
-14.769928791853333,3.6029727318925824,-0.3708133438136269
-14.771524884085904,3.203564946063387,-0.3054628632072824
-14.834349135849573,2.9516629387089264,-0.3402890549448837
-14.914397271256584,2.623482835808638,-0.3468764385575896
-15.009661116111634,2.3026964047916376,-0.29251478903134814
-15.064302828998114,2.0672306809084158,-0.3083683026275589
-15.140985978403945,1.7751394861297325,-0.357961634290463
-15.085967166498092,1.3525428756888636,-0.30304197484011597
-15.08426428450214,1.0448204812187483,-0.3649043289688407
-15.07410559715209,0.6736174332019155,-0.32473150626970704
-15.152237255821264,0.3701886415802049,-0.31975908315861645
-15.178488253869885,-0.07014734114342501,-0.2755352110258386
-15.21587147332626,-0.43512756859474927,-0.3059413499041311
-15.12271169107813,-0.8374127802371741,-0.2406171149855787
-15.078293750076197,-1.0866063695336627,-0.29602874585527866
-15.012097583515002,-1.4566368803142005,-0.266319667025443
-15.037046541393778,-1.791567221927383,-0.2650797949271067
-14.921620372559058,-2.156856510158488,-0.19396671878365773
-15.007010392443355,-2.4478715187571995,-0.23330096997564637
-14.870999095027287,-2.8401956490183227,-0.16705675415758542
-14.78362617284784,-3.1191838066087847,-0.21473767319888448
-14.710557491914303,-3.6084747047394687,-0.20893725885720332
-14.597592438741696,-3.8735495277517717,-0.2737884575750408
-14.420248076399016,-4.256547214656771,-0.24190690363654294
-14.447288820275217,-4.5675976155559495,-0.27162061288256617
-14.242189205465337,-4.934800796468612,-0.1815557332706222
-14.180978579929699,-5.2197962076708375,-0.17633243591819764
-14.092222591788667,-5.694526805238309,-0.11077563920381406
-13.937441031455263,-5.901765072679337,-0.16755740996275525
-13.78081635671108,-6.256303070611934,-0.17795423722023712
-13.661319652341584,-6.501291110441417,-0.21356830518943076
-13.434961487549248,-6.8380151503234075,-0.17506643981452913
-13.27958536253039,-7.023180556384406,-0.18454750528946667
-13.08935801239492,-7.344951118194851,-0.134545326345976
-12.957947542060849,-7.6837414364564784,-0.15376808450197804
-12.777784233631692,-8.118352451632264,-0.134059034364661
-12.73102543563062,-8.105394523916697,0.10351030497898914
-12.493245717364314,-8.459016274957822,0.22736581613642146
-12.333775007596053,-8.749577206523002,0.23002351247079086
-12.086009015617462,-9.09855600728576,0.23173388544708867
-11.925319087063164,-9.353989086575398,0.24671524458879884
-11.621920017019459,-9.551343374536332,0.1515110760324746
-11.387886664286913,-9.848750993070508,0.04764305200135871
-11.140258231421758,-10.219195342340836,0.1370128782313751
-10.89596407159592,-10.296850527786958,0.12340867838360536
-10.66890519824609,-10.737667096018134,0.15587652990893824
-10.412997571845493,-10.92107274526699,0.11785157960724946
-10.128697555298231,-11.287067699982044,0.0907780983282
-9.87817612853032,-11.448130384593101,0.06478723795051983
