-9.915986061096191,-0.9987853765487671,-0.007104481104761362
-9.898250579833984,-1.150628924369812,-0.00663374038413167
-9.862397193908691,-1.359662413597107,0.004075243603438139
-9.822970390319824,-1.6543233394622803,-0.004143161699175835
-9.780648231506348,-1.8548614978790283,0.002795181469991803
-9.73140811920166,-2.074517250061035,0.006375365890562534
-9.68656063079834,-2.3515024185180664,-0.012892789207398891
-9.638680458068848,-2.5108470916748047,-0.007954902946949005
-9.578903198242188,-2.7977638244628906,-0.020897626876831055
-9.481377601623535,-2.9942219257354736,0.008965070359408855
-9.418453216552734,-3.2301371097564697,-0.004918037448078394
-9.336112022399902,-3.421107530593872,0.007684353273361921
-9.23568058013916,-3.684325933456421,0.007274386007338762
-9.172323226928711,-3.8392419815063477,0.006865805946290493
-9.060734748840332,-4.09751033782959,0.006150543224066496
-8.980232238769531,-4.312987327575684,-0.005871439352631569
-8.867132186889648,-4.51917839050293,-0.00343505572527647
-8.764185905456543,-4.699249744415283,0.0044100238010287285
-8.652756690979004,-4.891940116882324,0.007820891216397285
-8.544766426086426,-5.106884956359863,-0.006139014847576618
-8.397314071655273,-5.326483249664307,0.0040132589638233185
-8.288230895996094,-5.510775566101074,-0.005237482022494078
-8.151963233947754,-5.717845439910889,-0.008466675877571106
-8.016287803649902,-5.876490116119385,0.006788033992052078
-7.879838466644287,-6.114009380340576,-0.017711389809846878
-7.747479438781738,-6.231738090515137,0.004634301643818617
-7.604244709014893,-6.399497985839844,0.006964709609746933
-7.436561107635498,-6.62252140045166,-0.004543393384665251
-7.271474361419678,-6.774960517883301,0.0069168927147984505
-7.118348598480225,-6.933708667755127,0.0077140373177826405
-6.975676536560059,-7.106375694274902,-0.0047691152431070805
-6.818902015686035,-7.248189449310303,-0.0041096569038927555
-6.613447189331055,-7.445548057556152,-0.005045760422945023
-6.433271408081055,-7.581511497497559,0.003969711717218161
-6.275228500366211,-7.7205328941345215,-0.002237294800579548
-6.088673114776611,-7.85969352722168,0.004583180882036686
-5.865786552429199,-8.023751258850098,0.006608049850910902
-5.730894565582275,-8.120603561401367,0.006594306789338589
-5.5199151039123535,-8.28065013885498,-0.0034836791455745697
-5.320112705230713,-8.396109580993652,0.0074337562546133995
-5.146687984466553,-8.5281343460083,-0.00567224295809865
-4.940872669219971,-8.622184753417969,0.009368503466248512
-4.750051021575928,-8.733783721923828,0.006426085252314806
-4.5718913078308105,-8.83765983581543,-8.084046567091718e-05
-4.360238552093506,-8.934478759765625,0.007582100108265877
-4.116667747497559,-9.056442260742188,0.003954231273382902
-3.9098494052886963,-9.161705017089844,-0.010938645340502262
-3.7264277935028076,-9.22910213470459,-0.0006219721981324255
-3.4744913578033447,-9.329574584960938,-0.0014783578226342797
-3.3054490089416504,-9.383940696716309,0.0056178332306444645
-3.0650556087493896,-9.485881805419922,-0.006323844660073519
-2.8508880138397217,-9.560235977172852,-0.0222671739757061
-2.631589651107788,-9.59582805633545,0.006581075955182314
-2.424823522567749,-9.649300575256348,0.008742411620914936
-2.163336753845215,-9.713895797729492,0.007559821009635925
-2.008483648300171,-9.753006935119629,0.003310625907033682
-1.7438470125198364,-9.805462837219238,0.002772456966340542
-1.5051331520080566,-9.849431037902832,-0.008722476661205292
-1.3329427242279053,-9.874293327331543,-0.003731973934918642
-1.1062185764312744,-9.892828941345215,0.00766390236094594
-0.8424967527389526,-9.918875694274902,0.008160707540810108
-0.6869651675224304,-9.935498237609863,0.0045875078067183495
-0.42402127385139465,-9.948976516723633,0.005775462836027145
-0.21622918546199799,-9.955277442932129,0.006785459350794554
-0.0068632978945970535,-9.963147163391113,0.0016351666999980807
0.20552872121334076,-9.955595016479492,0.006094915792346001
0.4670051038265228,-9.94699478149414,0.005774452351033688
0.6354104280471802,-9.963669776916504,-0.018888425081968307
0.90458083152771,-9.936105728149414,-0.019602084532380104
1.0826008319854736,-9.892989158630371,0.008732453919947147
1.2873581647872925,-9.881437301635742,-0.008058049716055393
1.5013893842697144,-9.835655212402344,0.008519857190549374
1.7791872024536133,-9.78904914855957,0.007795403711497784
1.9623239040374756,-9.773058891296387,-0.0063849203288555145
2.1618199348449707,-9.709940910339355,0.0072254897095263
2.4491641521453857,-9.655774116516113,-0.00298923603259027
2.6547420024871826,-9.60033893585205,-0.007994533516466618
2.8696935176849365,-9.520797729492188,0.00842337030917406
3.138486385345459,-9.435405731201172,0.008216560818254948
3.3176186084747314,-9.385502815246582,-0.0030639986507594585
3.5124478340148926,-9.309414863586426,0.0027724767569452524
3.7736499309539795,-9.207334518432617,0.001986702438443899
3.9733428955078125,-9.110119819641113,0.009943311102688313
4.200921058654785,-9.026240348815918,-0.00577430659905076
4.381192684173584,-8.922325134277344,0.00833609513938427
4.580972194671631,-8.825186729431152,0.005756949074566364
4.78353214263916,-8.737060546875,-0.00981737207621336
5.021462917327881,-8.593920707702637,-0.005269274581223726
5.212193489074707,-8.464639663696289,0.006577895954251289
5.402820110321045,-8.360418319702148,-0.006029297597706318
5.635380268096924,-8.20634651184082,-0.0065019153989851475
5.80864953994751,-8.126225471496582,-0.031375184655189514
5.949521541595459,-7.961400508880615,0.006763586774468422
6.171328067779541,-7.792620658874512,0.005718589294701815
6.343136787414551,-7.667917728424072,-0.004136092495173216
6.510965824127197,-7.506340026855469,0.007853949442505836
6.720367908477783,-7.322344779968262,0.006294145714491606
6.857242584228516,-7.223206043243408,-0.006079318933188915
7.037702560424805,-7.012310981750488,0.008877324871718884
7.209653377532959,-6.8706231117248535,-0.005411360878497362
7.347290992736816,-6.70841646194458,-0.002856471575796604
7.493891716003418,-6.529412269592285,0.006273581646382809
7.674232482910156,-6.319887161254883,0.005080350674688816
7.77546501159668,-6.186736583709717,0.008235056884586811
7.945411205291748,-5.9695634841918945,0.007559665944427252
8.077106475830078,-5.789863109588623,0.00741657055914402
8.209574699401855,-5.6299028396606445,-0.004934669006615877
8.32827377319336,-5.427595138549805,0.005822415929287672
8.473209381103516,-5.1926045417785645,0.008157388307154179
8.56261920928955,-5.054567337036133,0.004760081879794598
8.673426628112793,-4.866483688354492,0.004167274571955204
8.816634178161621,-4.63878059387207,-0.005292525980621576
8.900671005249023,-4.424053192138672,0.008971545845270157
8.997722625732422,-4.231583118438721,0.00770967872813344
9.090167045593262,-4.030644416809082,0.007296558935195208
9.184277534484863,-3.85219669342041,-0.004304016008973122
9.282926559448242,-3.597113847732544,-0.0007700252463109791
9.357414245605469,-3.3737308979034424,0.006455114111304283
9.426874160766602,-3.1701252460479736,0.009362546727061272
9.502330780029297,-2.979093551635742,-0.00235158228315413
9.57993221282959,-2.718388080596924,-0.001971169840544462
9.618866920471191,-2.5443241596221924,0.007182726636528969
9.675352096557617,-2.3536601066589355,-0.00010614092025207356
9.737706184387207,-2.0922484397888184,-0.0013385906349867582
9.792116165161133,-1.843021273612976,-0.00970519334077835
9.817583084106445,-1.6522575616836548,0.005216412711888552
9.857386589050293,-1.385958194732666,0.006615967024117708
9.880319595336914,-1.228344202041626,0.005702119320631027
9.908613204956055,-0.9643544554710388,0.006639228668063879
9.92884635925293,-0.7555801272392273,0.006062468979507685
9.954968452453613,-0.5186962485313416,-0.009543046355247498
9.95655345916748,-0.34038418531417847,0.0028334774542599916
9.963407516479492,-0.07826027274131775,0.001584414392709732
9.965203285217285,0.11008605360984802,-0.005769131239503622
9.9615478515625,0.28955259919166565,-0.005613097455352545
9.95954704284668,0.5727298259735107,-0.013090415857732296
9.925724029541016,0.7607510089874268,0.007874059490859509
9.906905174255371,0.9626424908638,0.008093560114502907
9.876760482788086,1.2183316946029663,0.008236276917159557
9.85472583770752,1.3739463090896606,0.008338963612914085
9.817462921142578,1.6673153638839722,-0.0018470814684405923
9.771854400634766,1.868584394454956,0.007225338835269213
9.727375030517578,2.091613531112671,0.006667664740234613
9.685301780700684,2.3308467864990234,-0.0066068959422409534
9.615080833435059,2.6049907207489014,-0.006761644501239061
9.55867862701416,2.741177558898926,0.008562005124986172
9.478623390197754,3.013124704360962,0.006833449471741915
9.406220436096191,3.2244386672973633,0.00739692710340023
9.333523750305176,3.4406189918518066,0.004824736621230841
9.25063705444336,3.644033670425415,0.007607402745634317
9.14428997039795,3.9045329093933105,0.006971629336476326
9.077558517456055,4.059859752655029,0.005794991739094257
8.984646797180176,4.2838215827941895,-0.004163450561463833
8.873559951782227,4.5485520362854,-0.015392012894153595
8.752707481384277,4.711140155792236,0.007436275947839022
8.64719009399414,4.909409523010254,0.005448602605611086
8.519262313842773,5.148563385009766,-0.005670676473528147
8.413640975952148,5.289876937866211,0.008066320791840553
8.275227546691895,5.5370612144470215,-0.003174968296661973
8.140101432800293,5.729789733886719,-0.006779830437153578
8.007047653198242,5.891061782836914,0.006024504546076059
7.87533712387085,6.068270206451416,0.005244350992143154
7.73266077041626,6.240710258483887,0.008174564689397812
7.594302177429199,6.413638591766357,0.0060011474415659904
7.425281047821045,6.635252475738525,-0.004493632819503546
7.2577385902404785,6.785035133361816,0.008774608373641968
7.107207298278809,6.946597576141357,0.007032536901533604
6.949136734008789,7.104436874389648,0.0070335823111236095
6.7488837242126465,7.295945167541504,0.006668858230113983
6.6412858963012695,7.421542167663574,-0.005771907512098551
6.415490627288818,7.587785243988037,0.008008761331439018
6.262768745422363,7.732179641723633,-0.002981237368658185
6.073128700256348,7.868037700653076,0.006362250540405512
5.894223213195801,7.9985432624816895,0.009251359850168228
5.671774864196777,8.160021781921387,0.008550445549190044
5.535844802856445,8.254868507385254,0.00721751619130373
5.306996822357178,8.406636238098145,0.00625070184469223
5.116429328918457,8.522957801818848,0.006584984716027975
4.926788806915283,8.631382942199707,0.008757449686527252
4.736219882965088,8.7430419921875,0.0054757194593548775
4.491634368896484,8.869726181030273,0.006737059447914362
4.345948696136475,8.943036079406738,0.006671085022389889
4.147801399230957,9.034838676452637,0.009098335169255733
3.900702476501465,9.147299766540527,0.00823123101145029
3.7110071182250977,9.23643684387207,-0.0014055059291422367
3.4990622997283936,9.313982009887695,0.005700575187802315
3.231321334838867,9.425832748413086,-0.012101984582841396
3.101588726043701,9.46101188659668,-0.0005299350013956428
2.8423256874084473,9.540796279907227,0.0011212218087166548
2.6171631813049316,9.601073265075684,0.005804265849292278
2.408038854598999,9.654693603515625,0.00773176783695817
2.218961238861084,9.716780662536621,-0.0068312217481434345
1.9518282413482666,9.769461631774902,-0.003337941598147154
1.7580641508102417,9.810830116271973,-0.011413585394620895
1.488713026046753,9.852684020996094,-0.009136767126619816
1.3287830352783203,9.888311386108398,-0.012909801676869392
1.0900962352752686,9.895597457885742,0.006911515723913908
0.8745930194854736,9.917450904846191,0.006650608032941818
0.617792546749115,9.942408561706543,0.0030758704524487257
0.47876450419425964,9.963774681091309,-0.006015208549797535
0.2010737806558609,9.960236549377441,0.0032103732228279114
-0.02324996516108513,9.985405921936035,-0.020613690838217735
-0.22346459329128265,9.95463752746582,0.0064811548218131065
-0.4307146370410919,9.94632339477539,0.00772527139633894
-0.679031252861023,9.952034950256348,-0.00800252240151167
-0.8431704044342041,9.922736167907715,0.004173989407718182
-1.047232985496521,9.910272598266602,-0.006837345194071531
-1.302119493484497,9.866366386413574,0.00719582661986351
-1.517331600189209,9.832199096679688,0.009240399114787579
-1.7581528425216675,9.803157806396484,-0.0034789619967341423
-1.9609756469726562,9.753427505493164,0.007544478867202997
-2.180691957473755,9.709368705749512,0.004723409656435251
-2.4523355960845947,9.640031814575195,0.0071105449460446835
-2.6729342937469482,9.59907341003418,-0.010511047206819057
-2.8878417015075684,9.519095420837402,0.005923448596149683
-3.0995843410491943,9.450252532958984,0.0064379144459962845
-3.3684921264648438,9.36136531829834,0.0038749801460653543
-3.5242178440093994,9.300226211547852,0.0056158085353672504
-3.730503559112549,9.215290069580078,0.008384056389331818
-3.990237236022949,9.106443405151367,0.007688363082706928
-4.21462345123291,9.017930030822754,-0.004533363040536642
-4.413287162780762,8.930303573608398,-0.005264553241431713
-4.664722442626953,8.82046127319336,-0.020540127530694008
-4.791582107543945,8.707672119140625,0.008366561494767666
-5.03752326965332,8.58806037902832,-0.007188920397311449
-5.224940299987793,8.455291748046875,0.007322333753108978
-5.433444023132324,8.365857124328613,-0.0190421175211668
-5.602672576904297,8.214923858642578,0.004312361124902964
-5.825859069824219,8.049699783325195,0.00843167956918478
-5.9620184898376465,7.951590061187744,0.006940152030438185
-6.138323783874512,7.815918445587158,0.0077351597137749195
-6.352817058563232,7.638857841491699,0.009420099668204784
-6.525789737701416,7.49799108505249,0.005803389009088278
-6.7053303718566895,7.363142013549805,-0.005182360764592886
-6.889921188354492,7.156312465667725,0.009782161563634872
-7.012668132781982,7.04365348815918,0.0062127746641635895
-7.207446575164795,6.8465800285339355,0.0053174844942986965
-7.357013702392578,6.695551872253418,-0.0019376184791326523
-7.5031280517578125,6.516162395477295,0.00732768140733242
-7.650340557098389,6.34847354888916,0.005071620456874371
-7.836365699768066,6.144557952880859,-0.004590251483023167
-7.944468975067139,6.00351619720459,-0.009919539093971252
-8.058767318725586,5.841475486755371,-0.004449576139450073
-8.215036392211914,5.61331844329834,-0.0018639125628396869
-8.33505630493164,5.412458419799805,0.007499044761061668
-8.455121040344238,5.228982448577881,0.00640802551060915
-8.571751594543457,5.053617477416992,-0.0022685243748128414
-8.69351863861084,4.865054607391357,-0.00591785553842783
-8.782787322998047,4.652742862701416,0.00831359438598156
-8.909540176391602,4.411299705505371,0.007516458630561829
-9.00328254699707,4.216213226318359,0.008757944218814373
-9.098652839660645,4.017757415771484,0.005607010331004858
-9.219532012939453,3.7786805629730225,-0.004892724100500345
-9.266016960144043,3.6136531829833984,0.0068653482012450695
-9.366243362426758,3.3637475967407227,0.003648709738627076
-9.433871269226074,3.155735731124878,0.007875119335949421
-9.505922317504883,2.9628169536590576,-0.001404303009621799
-9.569805145263672,2.7464005947113037,0.0027615658473223448
-9.637907981872559,2.482081890106201,0.0059478492476046085
-9.681352615356445,2.338865041732788,-0.002025199355557561
-9.74183177947998,2.094642400741577,-0.010606746189296246
-9.796937942504883,1.8307536840438843,-0.011481815949082375
-9.818669319152832,1.6352521181106567,0.006579959765076637
-9.8600435256958,1.447485327720642,-0.004335915204137564
-9.88644027709961,1.2175071239471436,0.0021040881983935833
-9.902618408203125,0.9995129108428955,0.009085118770599365
-9.94504165649414,0.7805094122886658,-0.019814232364296913
-9.941094398498535,0.534221887588501,0.008339143358170986
-9.950827598571777,0.3200196921825409,0.0075028883293271065
-9.96750545501709,0.11953095346689224,-0.007298151031136513
-9.955923080444336,-0.15171194076538086,0.006316191516816616
-9.962740898132324,-0.30376389622688293,-0.007052864879369736
-9.959809303283691,-0.5864009857177734,-0.014029732905328274
-9.926172256469727,-0.7739442586898804,0.00654029892757535
-9.907626152038574,-0.9768334031105042,0.006215731613337994
-9.893050193786621,-1.1814930438995361,-0.005647068843245506
-9.844170570373535,-1.4424506425857544,0.008633450604975224
-9.819267272949219,-1.606993556022644,0.007096880115568638
-9.769331932067871,-1.8850353956222534,0.006730256136506796
-9.721193313598633,-2.1056950092315674,0.00883500650525093
-9.67875862121582,-2.345095157623291,-0.004412087611854076
-9.633246421813965,-2.545565128326416,-0.010502666234970093
-9.55747127532959,-2.816433906555176,-0.010532229207456112
-9.508402824401855,-2.994976282119751,-0.017781799659132957
-9.401031494140625,-3.2381277084350586,0.008093953132629395
-9.338146209716797,-3.466114044189453,-0.0036151406820863485
-9.245245933532715,-3.6606805324554443,0.006786875426769257
-9.166969299316406,-3.894113063812256,-0.00748547213152051
-9.084696769714355,-4.090330600738525,-0.006237925961613655
-8.973922729492188,-4.276506423950195,0.008118593133985996
-8.878602981567383,-4.498325824737549,-0.004305257461965084
-8.750218391418457,-4.747471809387207,-0.0060387360863387585
-8.639871597290039,-4.925570487976074,0.004172326065599918
-8.542798042297363,-5.151163101196289,-0.0190258901566267
-8.405471801757812,-5.304876804351807,0.007246843073517084
-8.284761428833008,-5.4888691902160645,0.007921809330582619
-8.127718925476074,-5.719532489776611,0.00758839538320899
-8.000212669372559,-5.906667709350586,0.0037947825621813536
-7.861022472381592,-6.076723575592041,0.008694731630384922
-7.726341247558594,-6.257882595062256,0.004515597131103277
-7.542839527130127,-6.465956211090088,0.009269831702113152
-7.440699100494385,-6.617168426513672,-0.009091990068554878
-7.247949123382568,-6.79892110824585,0.007261116057634354
-7.094542026519775,-6.9573259353637695,0.00795010942965746
-6.9421162605285645,-7.138751029968262,-0.009515839628875256
-6.799010753631592,-7.275874614715576,-0.008309708908200264
-6.603672981262207,-7.469728469848633,-0.015087846666574478
-6.4634552001953125,-7.566498756408691,-0.003964976407587528
-6.248861312866211,-7.741133213043213,-0.0019811459351330996
-6.06276798248291,-7.898138046264648,-0.00937444344162941
-5.901153087615967,-8.027073860168457,-0.007264438085258007
-5.7126665115356445,-8.1666841506958,-0.015286237001419067
-5.491957187652588,-8.309350967407227,-0.0059627508744597435
-5.339205741882324,-8.40770435333252,-0.011101851239800453
-5.105614185333252,-8.535039901733398,0.00342260068282485
-4.914797306060791,-8.642699241638184,0.0060139549896121025
-4.720587730407715,-8.749804496765137,0.006193485110998154
-4.541288375854492,-8.852490425109863,0.0001523656101198867
-4.298295497894287,-8.975953102111816,-0.0006579322507604957
-4.134697437286377,-9.04483413696289,0.006463923957198858
-3.889697313308716,-9.15892219543457,0.003855040529742837
-3.695220470428467,-9.24020004272461,0.000435616442700848
-3.4812254905700684,-9.31815242767334,0.00686376029625535
-3.272394895553589,-9.393235206604004,0.007045268081128597
-3.016441822052002,-9.481318473815918,0.006119308061897755
-2.8692710399627686,-9.562541961669922,-0.02417491003870964
-2.60038685798645,-9.604203224182129,0.006620949599891901
-2.390836715698242,-9.657271385192871,0.008759687654674053
-2.1682417392730713,-9.727916717529297,-0.01211440097540617
-1.9716532230377197,-9.756131172180176,0.0060346005484461784
-1.743788480758667,-9.815393447875977,-0.012807777151465416
-1.5648304224014282,-9.85019588470459,-0.007411525119096041
-1.3060510158538818,-9.88455581665039,-0.008465835824608803
-1.0730164051055908,-9.895893096923828,0.008028104901313782
-0.8320505619049072,-9.93043327331543,-0.007884146645665169
-0.6547064781188965,-9.940126419067383,0.0025256250519305468
-0.3916293978691101,-9.949054718017578,0.006826329044997692
-0.2069941908121109,-9.965890884399414,-0.008184414356946945
-0.026044756174087524,-9.957364082336426,0.006547401659190655
0.23588676750659943,-9.955421447753906,0.005745335016399622
0.4461906850337982,-9.948114395141602,0.005196228623390198
0.6533516049385071,-9.946043014526367,-0.00718681002035737
0.9085825085639954,-9.91334342956543,0.007107820361852646
1.0630649328231812,-9.914897918701172,-0.012041209265589714
1.3384473323822021,-9.869241714477539,-0.0020325598306953907
1.5359110832214355,-9.832275390625,0.007056119851768017
1.7562565803527832,-9.798745155334473,0.003057735739275813
1.9751232862472534,-9.764566421508789,-0.008223004639148712
2.194248676300049,-9.701140403747559,0.008247166872024536
2.416818141937256,-9.665526390075684,-0.009588942863047123
2.651454210281372,-9.595973014831543,-0.002479671500623226
2.9011402130126953,-9.512701988220215,0.007788097020238638
3.134673595428467,-9.448190689086914,-0.00294675980694592
3.330852746963501,-9.371912956237793,0.0060913581401109695
3.5378568172454834,-9.293815612792969,0.0067499917931854725
3.747213125228882,-9.208248138427734,0.00849438738077879
4.010035514831543,-9.118782043457031,-0.009875403717160225
4.207242965698242,-9.006555557250977,0.007764029316604137
4.436506271362305,-8.931817054748535,-0.021184368059039116
4.609643936157227,-8.808276176452637,0.006680179852992296
4.825063705444336,-8.732200622558594,-0.019486775621771812
5.0208210945129395,-8.592825889587402,-0.004407004918903112
5.194752216339111,-8.492693901062012,-0.00669934181496501
5.4313249588012695,-8.344320297241211,-0.0072359321638941765
5.636098384857178,-8.206287384033203,-0.007061277516186237
5.797399044036865,-8.089752197265625,-0.0051404498517513275
6.022179126739502,-7.925078392028809,-0.00575605733320117
6.153892993927002,-7.822993755340576,-0.005576618015766144
6.3742594718933105,-7.651054859161377,-0.008863736875355244
6.535766124725342,-7.486665725708008,0.007300500757992268
6.70365047454834,-7.353693962097168,-0.003916035406291485
6.867702960968018,-7.190761566162109,0.0037560940254479647
7.060729026794434,-6.991514205932617,0.008148283697664738
7.1774582862854,-6.871962070465088,0.007899965159595013
7.367320537567139,-6.67034387588501,0.0070169419050216675
7.514366626739502,-6.502603530883789,0.00753779849037528
7.66300630569458,-6.3545026779174805,-0.005891688168048859
7.798789978027344,-6.164068222045898,0.005425408948212862
7.933356761932373,-6.003093719482422,-0.001689076074399054
8.063529968261719,-5.809288024902344,0.007066282909363508
8.22619342803955,-5.588028907775879,0.0033859550021588802
8.34836196899414,-5.40595817565918,0.0036542718298733234
8.46359634399414,-5.226996898651123,-0.0005038238014094532
8.576071739196777,-5.026911735534668,0.007028363179415464
8.724871635437012,-4.800912380218506,-0.0029568574391305447
8.806044578552246,-4.658379077911377,-0.005264560226351023
8.915973663330078,-4.4011759757995605,0.00747676333412528
9.01220703125,-4.199395656585693,0.007223666645586491
9.108421325683594,-4.0233330726623535,-0.003045356832444668
9.191949844360352,-3.8023455142974854,0.005046369042247534
9.294730186462402,-3.550844669342041,0.004424914717674255
9.351737976074219,-3.409768581390381,-0.0003391364880371839
9.444734573364258,-3.155193328857422,-0.0026072876062244177
9.50542163848877,-2.934831380844116,0.008066968061029911
9.572224617004395,-2.7261998653411865,0.004814768675714731
9.632898330688477,-2.5359416007995605,-0.0028038506861776114
9.683893203735352,-2.3091299533843994,0.003706235671415925
9.727790832519531,-2.0955944061279297,0.00804645475000143
9.794899940490723,-1.846347451210022,-0.002343045314773917
9.841376304626465,-1.6182788610458374,-0.019236711785197258
9.853595733642578,-1.4093215465545654,0.007008817978203297
9.896037101745605,-1.172013282775879,-0.009064442478120327
9.911638259887695,-0.9367465972900391,0.007501524873077869
9.927054405212402,-0.7784479260444641,0.005792643409222364
9.943458557128906,-0.5164889693260193,0.006564907729625702
9.973586082458496,-0.3292114734649658,-0.014388738200068474
9.95947551727295,-0.09908384084701538,0.0041160574182868
9.961628913879395,0.11317127197980881,0.002731936052441597
9.960737228393555,0.3729929029941559,-0.007423583418130875
9.961315155029297,0.555790901184082,-0.019280899316072464
9.943504333496094,0.7776997089385986,-0.007196801248937845
9.907197952270508,0.9939658641815186,0.0054960730485618114
9.879984855651855,1.197148323059082,0.007485275622457266
9.865523338317871,1.4074233770370483,-0.008895992301404476
9.806466102600098,1.6773769855499268,0.007557125762104988
9.793488502502441,1.8494206666946411,-0.011104421690106392
9.724373817443848,2.1403825283050537,-0.002613350050523877
9.669878005981445,2.34424090385437,0.005549329333007336
9.61369800567627,2.5584731101989746,0.006078821606934071
9.570990562438965,2.8130922317504883,-0.0160076841711998
9.484957695007324,3.044853448867798,-0.009126936085522175
9.433032035827637,3.207402229309082,-0.010565711185336113
9.33413314819336,3.4674198627471924,-0.006839921232312918
9.243298530578613,3.6982691287994385,-0.004599082283675671
9.168652534484863,3.8860135078430176,-0.007814661599695683
9.06403923034668,4.08959436416626,0.006274519022554159
8.983060836791992,4.307992458343506,-0.006245039869099855
8.86717414855957,4.492039680480957,0.007872248999774456
8.73779582977295,4.741034030914307,0.006911218166351318
8.628092765808105,4.932851791381836,0.008369051851332188
8.516326904296875,5.12942361831665,0.006063421256840229
8.412233352661133,5.331770420074463,-0.004921810235828161
8.242866516113281,5.548129081726074,0.009212447330355644
8.15218734741211,5.690229415893555,0.005399917718023062
7.986781120300293,5.913893222808838,0.007637005764991045
7.853646755218506,6.113216400146484,-0.0056242262944579124
7.714747428894043,6.267287254333496,0.006174058187752962
7.574104309082031,6.459624290466309,-0.007259169593453407
7.456514835357666,6.622003078460693,-0.016992665827274323
7.276611804962158,6.768629550933838,0.007427894044667482
7.102451801300049,7.006507396697998,-0.02081279270350933
6.944385528564453,7.130497932434082,-0.0054745059460401535
6.76594352722168,7.2775397300720215,0.008099946193397045
6.604913234710693,7.433747291564941,0.0033955604303628206
6.392057418823242,7.610772132873535,0.006724730599671602
6.263817310333252,7.716552257537842,0.006535626482218504
6.047726154327393,7.88877534866333,0.005984471179544926
5.874874591827393,8.04288387298584,-0.01133599504828453
5.689667224884033,8.14816665649414,0.007462373934686184
5.530749797821045,8.301124572753906,-0.02322290651500225
5.323904514312744,8.39486026763916,0.006138153374195099
5.138206958770752,8.531807899475098,-0.011123184114694595
4.8982462882995605,8.668935775756836,-0.009506147354841232
4.721144676208496,8.758705139160156,-0.0011188756907358766
4.5127272605896,8.879399299621582,-0.011313696391880512
4.318015098571777,8.958940505981445,0.005569487810134888
4.075183391571045,9.07821273803711,0.0029822285287082195
3.9195189476013184,9.139228820800781,0.007263937499374151
3.6726152896881104,9.247849464416504,0.004183510318398476
3.457533836364746,9.343358039855957,-0.011162363924086094
3.2602810859680176,9.397855758666992,0.007159704342484474
3.049487590789795,9.491534233093262,-0.015217064879834652
2.8440682888031006,9.531097412109375,0.00896525103598833
2.6265499591827393,9.611815452575684,-0.011240480467677116
2.3769614696502686,9.692873001098633,-0.021320002153515816
2.167066812515259,9.714258193969727,0.0057954927906394005
1.9387328624725342,9.77495288848877,-0.010562896728515625
1.766103982925415,9.81049919128418,-0.007290720473974943
1.4979716539382935,9.850768089294434,-0.003949820064008236
1.3201823234558105,9.867424964904785,0.006223695818334818
1.1096402406692505,9.89272689819336,0.0070716082118451595
0.8457308411598206,9.918787002563477,0.0076389615423977375
0.6421204209327698,9.936659812927246,0.006799777504056692
0.44114306569099426,9.956722259521484,-0.005629232153296471
0.14659835398197174,9.97473430633545,-0.019069893285632133
0.019428856670856476,9.966585159301758,-0.005657398607581854
-0.24657858908176422,9.96489143371582,-0.0071825552731752396
-0.48376086354255676,9.955331802368164,-0.00614822655916214
-0.6682061553001404,9.938627243041992,0.0026843587402254343
-0.8738880157470703,9.915265083312988,0.008604254573583603
-1.1291135549545288,9.902010917663574,-0.007892408408224583
-1.2818827629089355,9.867300033569336,0.009281865321099758
-1.4945896863937378,9.836047172546387,0.008481623604893684
-1.7709407806396484,9.789806365966797,0.007760839071124792
-1.989469289779663,9.746002197265625,0.008313840255141258
-2.231783151626587,9.70351791381836,-0.0022540853824466467
-2.430485486984253,9.645435333251953,0.007136092055588961
-2.6503894329071045,9.58863639831543,0.00640012975782156
-2.8847296237945557,9.531196594238281,-0.00508606992661953
-3.153573513031006,9.445913314819336,-0.0055855349637568
-3.3500468730926514,9.384885787963867,-0.011815168894827366
-3.552412748336792,9.285953521728516,0.008214538916945457
-3.8143656253814697,9.18261432647705,0.007202132139354944
-3.96915340423584,9.116316795349121,0.006871124263852835
-4.225854873657227,9.001444816589355,0.00577140087261796
-4.424588203430176,8.903451919555664,0.006739229429513216
-4.623810291290283,8.798766136169434,0.00796505156904459
-4.818678855895996,8.691827774047852,0.008606165647506714
-5.061624050140381,8.553121566772461,0.008100387640297413
-5.211174488067627,8.472346305847168,0.0026372489519417286
-5.4426069259643555,8.318385124206543,0.006297221407294273
-5.648495674133301,8.194748878479004,-0.005369424354285002
-5.811437606811523,8.06646728515625,0.00511917844414711
-5.98712682723999,7.9318413734436035,0.008017826825380325
-6.2102131843566895,7.764020919799805,0.005245925392955542
-6.351657867431641,7.668872833251953,-0.004413618706166744
-6.547447681427002,7.474097728729248,0.008415641263127327
-6.718779563903809,7.34523868560791,-0.006369785405695438
-6.879018306732178,7.177989482879639,0.004680260084569454
-7.0372843742370605,7.035159111022949,-0.004022369626909494
-7.230964183807373,6.83709192276001,-0.004286796785891056
-7.378381729125977,6.714944362640381,-0.020652571693062782
-7.488452434539795,6.532732009887695,0.007413140963762999
-7.668320655822754,6.322793960571289,0.0067649600096046925
-7.82297420501709,6.163002967834473,-0.00536399707198143
-7.942431449890137,5.989017963409424,-0.0009595784940756857
-8.075226783752441,5.797410011291504,0.005409460049122572
-8.200239181518555,5.61563777923584,0.007586762309074402
-8.356070518493652,5.390262126922607,0.004911941941827536
-8.474226951599121,5.214977741241455,-0.0022256376687437296
-8.583050727844238,5.01164436340332,0.008142014034092426
-8.696088790893555,4.820855617523193,0.005656257271766663
-8.825261116027832,4.577142715454102,0.006854448467493057
-8.899893760681152,4.432159900665283,0.00686199776828289
-9.018308639526367,4.183908462524414,0.007852462120354176
-9.111640930175781,4.004571914672852,-0.00012874424282927066
-9.196131706237793,3.7868659496307373,0.006826252676546574
-9.281476974487305,3.5904605388641357,0.004032273776829243
-9.375893592834473,3.3358640670776367,0.0049616144970059395
-9.43115234375,3.181717872619629,0.003613462671637535
-9.527140617370605,2.9366891384124756,-0.005691942293196917
-9.586714744567871,2.720837354660034,-0.0031268270686268806
-9.635198593139648,2.518709421157837,-0.0013154743937775493
-9.684669494628906,2.289372444152832,0.006139719393104315
-9.745036125183105,2.0277557373046875,0.005443909205496311
-9.801108360290527,1.8735332489013672,-0.023010192438960075
-9.849812507629395,1.6083570718765259,-0.02398807182908058
-9.873943328857422,1.4118844270706177,-0.007086978759616613
-9.88485050201416,1.1849626302719116,0.0074264355935156345
-9.90806770324707,0.969980001449585,0.006894213613122702
-9.930047035217285,0.7074975967407227,0.007592509966343641
-9.960795402526855,0.5371577739715576,-0.01925414800643921
-9.964696884155273,0.2632274031639099,-0.008502306416630745
-9.957636833190918,0.0819605141878128,0.006050650030374527
-9.956785202026367,-0.12708638608455658,0.006161808501929045
-9.962188720703125,-0.3591162860393524,-0.007515573874115944
-9.949749946594238,-0.5969826579093933,-0.0071732536889612675
-9.946039199829102,-0.7439028024673462,-0.006937475875020027
-9.933462142944336,-1.0053951740264893,-0.02150724269449711
-9.879762649536133,-1.2116215229034424,0.006680336780846119
-9.847755432128906,-1.420237421989441,0.008555429987609386
-9.816597938537598,-1.6593135595321655,-0.00021824106806889176
-9.776518821716309,-1.9162390232086182,-0.008201041258871555
-9.726360321044922,-2.0832793712615967,0.008699319325387478
-9.677716255187988,-2.3569138050079346,-0.007779818028211594
-9.612014770507812,-2.5943660736083984,-0.002722495701164007
-9.560846328735352,-2.791325569152832,-0.00788453035056591
-9.480960845947266,-3.0072641372680664,0.006351985968649387
-9.393610000610352,-3.276890277862549,0.004500185139477253
-9.348740577697754,-3.4475722312927246,-0.00582468556240201
-9.247300148010254,-3.709808349609375,-0.00565672991797328
-9.145437240600586,-3.896819829940796,0.007921665906906128
-9.059036254882812,-4.126171112060547,-0.004160926211625338
-8.960612297058105,-4.306880474090576,0.006564178504049778
-8.835945129394531,-4.557127475738525,0.006487306673079729
-8.775877952575684,-4.742565155029297,-0.018444396555423737
-8.619256973266602,-4.9486002922058105,0.00778693612664938
-8.524189949035645,-5.144575119018555,-0.007120105903595686
-8.392394065856934,-5.35329532623291,-0.006259865593165159
-8.287642478942871,-5.525146961212158,-0.009996307082474232
-8.14028263092041,-5.765600204467773,-0.018782535567879677
-8.008572578430176,-5.882624626159668,0.008453194051980972
-7.879066467285156,-6.062261581420898,0.005299263633787632
-7.708719253540039,-6.283018589019775,0.0031674245838075876
-7.557850360870361,-6.44852876663208,0.009198138490319252
-7.414950847625732,-6.61721658706665,0.007086640223860741
-7.28292179107666,-6.818109035491943,-0.020353510975837708
-7.109921932220459,-6.940221309661865,0.008500446565449238
-6.914203643798828,-7.136590480804443,0.007985596545040607
-6.758681297302246,-7.3146586418151855,-0.010484769009053707
-6.620904922485352,-7.454606533050537,-0.015199800953269005
-6.42518424987793,-7.606262683868408,-0.00924732442945242
-6.269299030303955,-7.729558944702148,-0.0044251056388020515
-6.09782075881958,-7.8989033699035645,-0.02249506488442421
-5.900389671325684,-7.995965480804443,0.008061669766902924
-5.677506446838379,-8.157743453979492,0.00744034955278039
-5.4949798583984375,-8.283129692077637,0.006166995037347078
-5.309394836425781,-8.400437355041504,0.008421000093221664
-5.076657295227051,-8.545553207397461,0.007688148878514767
-4.933323860168457,-8.62990665435791,0.007188169751316309
-4.745118618011475,-8.743559837341309,0.002245153533294797
-4.502028465270996,-8.869705200195312,0.004012826830148697
-4.318177223205566,-8.964792251586914,0.00034356609103269875
-4.103979587554932,-9.056275367736816,0.007571711204946041
-3.85427188873291,-9.16858959197998,0.006163464393466711
-3.7219667434692383,-9.237415313720703,-0.004388658795505762
-3.4820919036865234,-9.349274635314941,-0.01531285885721445
-3.2461066246032715,-9.4002046585083,0.009488250128924847
-3.0376627445220947,-9.47330093383789,0.006975118070840836
-2.849003314971924,-9.540316581726074,-0.00010160619422094896
-2.5904879570007324,-9.616288185119629,-0.0011215185513719916
-2.418433666229248,-9.657614707946777,0.003963389899581671
-2.2075986862182617,-9.726637840270996,-0.02008058689534664
-1.9551312923431396,-9.765080451965332,-0.0009357832605019212
-1.7317527532577515,-9.80314826965332,0.005735668353736401
-1.4957960844039917,-9.852635383605957,-0.00977867841720581
-1.3216150999069214,-9.874177932739258,-0.002562207169830799
-1.0976457595825195,-9.896373748779297,0.005812439136207104
-0.8592358827590942,-9.93518352508545,-0.013044990599155426
-0.60544353723526,-9.962969779968262,-0.01865709386765957
-0.4115840494632721,-9.948104858398438,0.00660874554887414
-0.202165886759758,-9.953397750854492,0.00830823089927435
0.04375706613063812,-9.974946975708008,-0.006546080112457275
0.21432165801525116,-9.954961776733398,0.006544212810695171
0.4765890836715698,-9.954660415649414,-0.006128180772066116
0.685524582862854,-9.931309700012207,0.007735138293355703
0.8871171474456787,-9.926766395568848,-0.006647598464041948
1.0939055681228638,-9.90945816040039,-0.0051297410391271114
1.371571660041809,-9.867571830749512,-0.004100912716239691
1.5118252038955688,-9.833821296691895,0.00867463182657957
1.7502398490905762,-9.801756858825684,-0.0014427006244659424
2.027294397354126,-9.748485565185547,-0.002343734260648489
2.228787660598755,-9.708704948425293,-0.008058296516537666
2.447544813156128,-9.64240837097168,0.006326660048216581
2.664839267730713,-9.598236083984375,-0.008547400124371052
2.8856141567230225,-9.524219512939453,0.0030211349949240685
3.111358642578125,-9.466736793518066,-0.006517249625176191
3.376802444458008,-9.374512672424316,-0.006152459420263767
3.5937914848327637,-9.2864990234375,-0.005369056481868029
3.777632474899292,-9.196680068969727,0.00737727340310812
3.986102342605591,-9.110221862792969,0.0065164160914719105
4.210087776184082,-9.021403312683105,-0.00531897135078907
4.46400785446167,-8.901225090026855,-0.0073265451937913895
4.658937454223633,-8.82225513458252,-0.019847555086016655
4.83355712890625,-8.68464183807373,0.008107966743409634
5.033486366271973,-8.592085838317871,-0.008090650662779808
5.269953727722168,-8.444995880126953,-0.0060024503618478775
5.430810928344727,-8.34031867980957,-0.004842172376811504
5.643951892852783,-8.200437545776367,-0.006549358367919922
5.821959495544434,-8.054132461547852,0.00759889604523778
6.028499603271484,-7.94415283203125,-0.021636147052049637
6.18129825592041,-7.788639545440674,0.0038185056764632463
6.348090648651123,-7.642729759216309,0.009431391954421997
6.521485805511475,-7.5022292137146,0.005576918367296457
6.726871013641357,-7.315279960632324,0.007038729730993509
6.889516830444336,-7.164642810821533,0.00632850918918848
7.0675811767578125,-7.040579319000244,-0.018904827535152435
7.201943874359131,-6.849467754364014,0.006559835746884346
7.389896869659424,-6.646045684814453,0.006834374740719795
7.514382362365723,-6.535145282745361,-0.005095029715448618
7.676609516143799,-6.308355808258057,0.008556615561246872
7.818953037261963,-6.13654899597168,0.006441843695938587
7.951997756958008,-5.962148189544678,0.007110796868801117
8.082520484924316,-5.781453609466553,0.007774540223181248
8.214930534362793,-5.62153434753418,-0.004725063219666481
8.333434104919434,-5.418710708618164,0.006207921076565981
8.481863975524902,-5.187333106994629,0.005263511557132006
8.595162391662598,-5.000636577606201,0.00529815349727869
8.70536994934082,-4.81892728805542,-0.0018517380813136697
8.804231643676758,-4.613124370574951,0.008883326314389706
8.952823638916016,-4.367977619171143,-0.011930583976209164
9.005183219909668,-4.226163864135742,0.004943310748785734
9.093829154968262,-4.0211567878723145,0.007629453670233488
9.204275131225586,-3.772045373916626,0.005527001339942217
9.285416603088379,-3.5865769386291504,0.0002517864340916276
9.36476993560791,-3.367424249649048,0.003438025712966919
9.447729110717773,-3.178415536880493,-0.0050096348859369755
9.505635261535645,-2.97037935256958,-0.0026865897234529257
9.57785415649414,-2.690011739730835,0.007667049765586853
9.636630058288574,-2.4885811805725098,0.006110335234552622
9.688899040222168,-2.274231195449829,0.0061543527990579605
9.753759384155273,-2.0966317653656006,-0.01238877885043621
9.790277481079102,-1.8022916316986084,0.006153269205242395
9.815751075744629,-1.640237808227539,0.007989720441401005
9.858519554138184,-1.3760944604873657,0.006779329851269722
9.883784294128418,-1.1656538248062134,0.009790772572159767
9.911453247070312,-0.955011785030365,0.0053902980871498585
9.92923355102539,-0.7459007501602173,0.006350595969706774
9.944587707519531,-0.4838888347148895,0.007342597469687462
9.957694053649902,-0.32823196053504944,0.0018004749435931444
9.956634521484375,-0.06542736291885376,0.006915626581758261
9.958189010620117,0.1424364596605301,0.004742081742733717
9.950623512268066,0.3519931435585022,0.007113677449524403
9.948960304260254,0.5850583910942078,-0.005536001641303301
9.92872142791748,0.8443272709846497,-0.00441177561879158
9.910138130187988,0.9694421291351318,0.004906074143946171
9.898974418640137,1.1746033430099487,-0.009601356461644173
9.850747108459473,1.4385613203048706,0.004123759921640158
9.810609817504883,1.6583218574523926,0.007558056619018316
9.769928932189941,1.8775888681411743,0.006995943374931812
9.712461471557617,2.154536724090576,0.006733411457389593
9.678666114807129,2.3373892307281494,-0.0030291674192994833
9.632630348205566,2.537019968032837,-0.008345390670001507
9.542413711547852,2.8064966201782227,0.00624340632930398
9.488287925720215,3.036482095718384,-0.004160765558481216
9.408112525939941,3.237149477005005,0.003872673260048032
9.313729286193848,3.502230167388916,0.002654019743204117
9.246044158935547,3.6534979343414307,0.008102075196802616
9.14041805267334,3.913942813873291,0.006604849826544523
9.067930221557617,4.142172813415527,-0.018709829077124596
8.95462417602539,4.322236061096191,0.005968614015728235
8.869950294494629,4.524063587188721,-0.0072225951589643955
8.751875877380371,4.740573406219482,-0.004853809252381325
8.64041805267334,4.917355537414551,0.006436431314796209
8.51369857788086,5.157258987426758,-0.0057349251583218575
8.381208419799805,5.344687461853027,0.006798275280743837
8.274587631225586,5.535189628601074,-0.006820762995630503
8.13002872467041,5.713037014007568,0.008705799467861652
7.967296123504639,5.939560413360596,0.008024263195693493
7.867001533508301,6.073679447174072,0.006937435828149319
7.696991920471191,6.294836521148682,0.004110916052013636
7.548903465270996,6.463264465332031,0.007442382629960775
7.403372764587402,6.628299236297607,0.007692328654229641
7.257598876953125,6.817630767822266,-0.00916884932667017
7.058687210083008,6.9930195808410645,0.008258642628788948
6.94502067565918,7.132411956787109,-0.007979405112564564
6.802225589752197,7.2699055671691895,-0.00701964320614934
6.592459201812744,7.4512939453125,-0.0024978150613605976
6.415071964263916,7.6194047927856445,-0.011403466574847698
6.257899761199951,7.741122245788574,-0.00552456034347415
6.035462856292725,7.906589984893799,-0.0006711682653985918
5.88938045501709,8.008321762084961,0.005842437036335468
5.677746772766113,8.180181503295898,-0.0037344705779105425
5.479597091674805,8.290387153625488,0.007685544900596142
5.297582626342773,8.411506652832031,0.006511707790195942
5.106768608093262,8.527693748474121,0.006895259488373995
4.870823383331299,8.667107582092285,0.006142479367554188
4.72398567199707,8.744427680969238,0.008072810247540474
4.482955455780029,8.872864723205566,0.00762442359700799
4.305737018585205,8.974916458129883,-0.002177316462621093
4.090689182281494,9.065378189086914,0.005672079976648092
3.8913867473602295,9.151954650878906,0.007564942818135023
3.7019803524017334,9.238875389099121,-0.0004954357864335179
3.491163730621338,9.319441795349121,0.0037988952826708555
3.231741189956665,9.40764045715332,0.007827017456293106
3.024993419647217,9.481232643127441,0.004488459322601557
2.851303815841675,9.561578750610352,-0.014072603546082973
2.6083991527557373,9.604601860046387,0.004823668859899044
2.3447914123535156,9.669937133789062,0.00725565804168582
2.1904892921447754,9.728960990905762,-0.01904705911874771
1.9798321723937988,9.756854057312012,0.00437926547601819
1.7155370712280273,9.805262565612793,0.006260227411985397
1.4798129796981812,9.854207992553711,-0.009303435683250427
1.3050838708877563,9.874980926513672,-0.0016089428681880236
1.0413326025009155,9.908453941345215,-0.0028894187416881323
0.8396391868591309,9.931208610534668,-0.008934397250413895
0.5766059160232544,9.949164390563965,-0.007359407842159271
0.39742350578308105,9.95099925994873,0.004758745431900024
0.18774648010730743,9.955822944641113,0.006552243605256081
-0.017876219004392624,9.957033157348633,0.007142511196434498
-0.280053973197937,9.954641342163086,0.005399039015173912
-0.4374087154865265,9.953012466430664,0.001979642082005739
-0.6358652710914612,9.965498924255371,-0.021311286836862564
-0.9021217823028564,9.93167781829834,-0.011895053088665009
-1.1048494577407837,9.88874340057373,0.010427558794617653
-1.331588864326477,9.869712829589844,-0.0017835155595093966
-1.5318207740783691,9.83483600616455,0.00533370953053236
-1.7472692728042603,9.796061515808105,0.006195856258273125
-2.0268657207489014,9.742430686950684,0.0054508233442902565
-2.2458748817443848,9.706911087036133,-0.009390723891556263
-2.4641098976135254,9.637909889221191,0.006505731027573347
-2.682391405105591,9.582036972045898,0.004039380699396133
-2.9503140449523926,9.499183654785156,0.005753179080784321
-3.129786491394043,9.450826644897461,-0.0036196024157106876
-3.398998975753784,9.362615585327148,-0.0075294203124940395
-3.5860819816589355,9.2731294631958,0.008205943740904331
-3.79048490524292,9.18993854522705,0.0084068039432168
-4.002363204956055,9.119552612304688,-0.008374612778425217
-4.25999641418457,9.005675315856934,-0.010550477541983128
-4.446485996246338,8.946920394897461,-0.03252331539988518
-4.654501914978027,8.800729751586914,-0.006241110619157553
-4.848529815673828,8.675506591796875,0.008400661870837212
-5.046026706695557,8.58300495147705,-0.00705551216378808
-5.2508955001831055,8.463765144348145,-0.005793916527181864
-5.473433494567871,8.302190780639648,0.004144089762121439
-5.631512641906738,8.210309028625488,-0.007561743259429932
-5.862273216247559,8.052212715148926,-0.010168381035327911
-6.018456935882568,7.930062294006348,-0.006796030793339014
-6.188583850860596,7.774991512298584,0.008079092018306255
-6.36453914642334,7.649928092956543,-0.004497196990996599
-6.531665325164795,7.491410255432129,0.00675043324008584
-6.697958469390869,7.340510845184326,0.007870580069720745
-6.904749393463135,7.1539483070373535,0.004293669480830431
-7.0569281578063965,6.996543884277344,0.007570254150778055
-7.227859973907471,6.848971843719482,-0.004285067785531282
-7.366212844848633,6.677762508392334,0.004487928934395313
-7.5441741943359375,6.465339183807373,0.008964215405285358
-7.6544270515441895,6.354367733001709,-0.0018087276257574558
-7.797597408294678,6.171333312988281,0.0032458214554935694
-7.961552619934082,5.947929382324219,0.007260981947183609
-8.089338302612305,5.768398761749268,0.00983024574816227
-8.221527099609375,5.6039509773254395,-0.0023317206650972366
-8.376310348510742,5.37593936920166,-0.004202514886856079
-8.457954406738281,5.216309547424316,0.008703604340553284
-8.601794242858887,4.981683731079102,0.0069573489017784595
-8.73058032989502,4.791458606719971,-0.010741178877651691
-8.816285133361816,4.599204063415527,0.00539745669811964
-8.939149856567383,4.41893196105957,-0.02086484618484974
-9.058225631713867,4.158398628234863,-0.015023534186184406
-9.120251655578613,4.003042221069336,-0.010456862859427929
-9.192408561706543,3.822794198989868,-0.0026070806197822094
-9.292540550231934,3.5693604946136475,-0.0010162681574001908
-9.387776374816895,3.3454678058624268,-0.01359629724174738
-9.435924530029297,3.1424379348754883,0.008600789122283459
-9.520447731018066,2.8854970932006836,0.007556912489235401
-9.5681791305542,2.729832887649536,0.006185987964272499
-9.640769958496094,2.4694154262542725,0.005739838350564241
-9.690690040588379,2.262166738510132,0.007889307104051113
-9.760905265808105,2.083737373352051,-0.01565016247332096
-9.779651641845703,1.8370020389556885,0.008736317045986652
-9.827861785888672,1.5741959810256958,0.0076555912382900715
-9.858654975891113,1.4320507049560547,-0.002360423794016242
-9.889554023742676,1.1500030755996704,0.00639876164495945
-9.910931587219238,0.9425515532493591,0.007571849040687084
-9.930150032043457,0.7299469113349915,0.006251886952668428
-9.9649076461792,0.5477048754692078,-0.015066605061292648
-9.964554786682129,0.26973944902420044,-0.0071904538199305534
-9.964550971984863,0.10872753709554672,-0.0048696184530854225
-9.979190826416016,-0.18035316467285156,-0.02280452288687229
-9.949358940124512,-0.3715238571166992,0.006968668196350336
-9.938211441040039,-0.5779569745063782,0.007979262620210648
-9.929941177368164,-0.8098888397216797,-0.0027125158812850714
-9.918685913085938,-1.0642167329788208,-0.018603425472974777
-9.87948226928711,-1.1908262968063354,0.009300868958234787
-9.857728004455566,-1.4548346996307373,-0.008520261384546757
-9.806901931762695,-1.670326828956604,0.008706173859536648
-9.773752212524414,-1.9138474464416504,-0.0038039726205170155
-9.720746994018555,-2.115720510482788,0.007174435071647167
-9.672991752624512,-2.3347015380859375,0.0048198397271335125
-9.633755683898926,-2.5886294841766357,-0.015532758086919785
-9.573410034179688,-2.8622143268585205,-0.033022794872522354
-9.468118667602539,-3.03528094291687,0.008706683292984962
-9.414593696594238,-3.2511534690856934,-0.008495137095451355
-9.32520866394043,-3.480350971221924,-0.0028280778788030148
-9.223596572875977,-3.7428033351898193,-0.003508026711642742
-9.155517578125,-3.876603603363037,0.00761288171634078
-9.064929962158203,-4.081575393676758,0.007265947759151459
-8.950663566589355,-4.357575416564941,-0.005347018130123615
-8.844049453735352,-4.535257816314697,0.00850397627800703
-8.742605209350586,-4.7332940101623535,0.006689914036542177
-8.603967666625977,-4.974865436553955,0.008167538791894913
-8.518132209777832,-5.119994163513184,0.008092368021607399
-8.414834022521973,-5.325718402862549,-0.004452492110431194
-8.246392250061035,-5.5441179275512695,0.008748387917876244
-8.120325088500977,-5.726571559906006,0.008726358413696289
-7.994339466094971,-5.931882858276367,-0.006809679791331291
-7.859972953796387,-6.089877605438232,0.004153617192059755
-7.7193474769592285,-6.281740188598633,-0.0057146488688886166
-7.541516304016113,-6.495859146118164,-0.006503610871732235
-7.394538879394531,-6.642780303955078,0.00570274330675602
-7.245598793029785,-6.806318283081055,0.005654493812471628
-7.108493328094482,-6.971043109893799,-0.007374318316578865
-6.910849571228027,-7.1656036376953125,-0.006559108849614859
-6.787224769592285,-7.276649475097656,-0.003702678019180894
-6.580423831939697,-7.461765766143799,-0.0025971403811126947
-6.39646053314209,-7.601386070251465,0.009604682214558125
-6.242457389831543,-7.761359214782715,-0.006113402079790831
-6.052496910095215,-7.879880428314209,0.009056882932782173
-5.876824855804443,-8.017633438110352,0.005553009454160929
-5.712798118591309,-8.145195960998535,-0.0011235397541895509
-5.471513271331787,-8.323556900024414,-0.011742813512682915
-5.283422946929932,-8.420230865478516,0.006307561881840229
-5.0959625244140625,-8.555956840515137,-0.010501476936042309
-4.921103000640869,-8.65064525604248,-0.0031150353606790304
-4.6793212890625,-8.781034469604492,-0.0007157032960094512
-4.517971992492676,-8.855399131774902,0.007459754124283791
-4.321221351623535,-8.973698616027832,-0.010779534466564655
-4.073587894439697,-9.090984344482422,-0.011695935390889645
-3.8907179832458496,-9.171467781066895,-0.004072630777955055
-3.6861684322357178,-9.277202606201172,-0.024126075208187103
-3.418588161468506,-9.340935707092285,0.006781988777220249
-3.258626699447632,-9.415098190307617,-0.01136091910302639
-3.058974504470825,-9.465537071228027,0.007605473045259714
-2.8011326789855957,-9.54745101928711,0.006809719372540712
-2.581390142440796,-9.624740600585938,-0.011619243770837784
-2.382549524307251,-9.660745620727539,0.007271421141922474
-2.141545295715332,-9.74240779876709,-0.008809095248579979
-1.979549765586853,-9.774178504943848,-0.007279457990080118
-1.7141014337539673,-9.811999320983887,-0.001785355620086193
-1.488379955291748,-9.839900970458984,0.00892977137118578
-1.2730439901351929,-9.87314224243164,0.006592102348804474
-1.0635411739349365,-9.898087501525879,0.006925630383193493
-0.8600770831108093,-9.923820495605469,0.0037809249479323626
-0.6759471893310547,-9.96125316619873,-0.01800963655114174
-0.39530888199806213,-9.959397315979004,-0.006303282920271158
-0.1884617954492569,-9.975010871887207,-0.00831450242549181
0.030198413878679276,-9.965514183044434,-0.005027831997722387
0.27307814359664917,-9.96139144897461,-0.004899546038359404
0.5187382102012634,-9.970786094665527,-0.019230997189879417
0.6594903469085693,-9.934709548950195,0.006792113184928894
0.9184501767158508,-9.910371780395508,0.009168273769319057
1.1196116209030151,-9.890939712524414,0.0069055622443556786
1.3357641696929932,-9.890680313110352,-0.020212426781654358
1.5474365949630737,-9.83480167388916,0.0031013288535177708
1.8252180814743042,-9.786959648132324,0.0027817096561193466
2.0045297145843506,-9.752150535583496,-0.0012636790052056313
2.2814085483551025,-9.691965103149414,-0.002171736443415284
2.4791982173919678,-9.633101463317871,0.006620327942073345
2.6964619159698486,-9.587708473205566,-0.007571197114884853
2.9316787719726562,-9.515028953552246,-0.0038735128473490477
3.2010231018066406,-9.429057121276855,-0.00498587591573596
3.3385448455810547,-9.369491577148438,0.005590136628597975
3.603701114654541,-9.271549224853516,0.004713879898190498
3.8105266094207764,-9.188943862915039,0.004098305944353342
4.014875411987305,-9.095603942871094,0.007293828297406435
4.216286659240723,-9.00178050994873,0.008111225441098213
4.472873210906982,-8.884245872497559,0.0035217294935137033
4.61923360824585,-8.803385734558105,0.006503051612526178
4.866046905517578,-8.670578002929688,0.005613569635897875
5.056859493255615,-8.556396484375,0.008225760422647
5.24838399887085,-8.439972877502441,0.00759839778766036
5.451100826263428,-8.332651138305664,-0.003630981082096696
5.6662774085998535,-8.162102699279785,0.009240587241947651
5.804380416870117,-8.06669807434082,0.007738927379250526
5.983319282531738,-7.937238693237305,0.006641868036240339
6.204464435577393,-7.767734050750732,0.005532182287424803
6.374532699584961,-7.620954990386963,0.008782192133367062
6.54627799987793,-7.4826130867004395,0.004998934455215931
6.747396469116211,-7.291317462921143,0.00970717053860426
6.872231960296631,-7.194218158721924,-0.0027225336525589228
7.067946910858154,-6.9839959144592285,0.00826245080679655
7.225772857666016,-6.826033592224121,0.005753675941377878
7.378478527069092,-6.68093204498291,-0.005236345808953047
7.520750999450684,-6.49508810043335,0.007504979148507118
7.7154221534729,-6.298732280731201,-0.006191763561218977
7.804423809051514,-6.155300140380859,0.006065127439796925
7.942967891693115,-5.985165596008301,0.002957000629976392
8.115354537963867,-5.772182941436768,-0.00432790070772171
8.22772216796875,-5.573446750640869,0.007912685163319111
8.351261138916016,-5.394863605499268,0.005813334137201309
8.518983840942383,-5.160043716430664,-0.0114450603723526
8.58282470703125,-5.031936168670654,-0.0005107545875944197
8.690465927124023,-4.824527263641357,0.007475319784134626
8.822956085205078,-4.585216045379639,0.005637311842292547
8.942669868469238,-4.38781213760376,-0.011593175120651722
9.01884937286377,-4.205315589904785,-0.0005957596586085856
9.133485794067383,-3.959214925765991,-0.002054541138932109
9.194645881652832,-3.79111385345459,0.006631134077906609
9.30896282196045,-3.5516891479492188,-0.003669462166726589
9.395136833190918,-3.3445558547973633,-0.020478397607803345
9.444560050964355,-3.130828619003296,0.005646005272865295
9.527554512023926,-2.9112932682037354,-0.010445554740726948
9.606240272521973,-2.6519851684570312,-0.012156831100583076
9.62971019744873,-2.5094153881073,0.006997964344918728
9.683158874511719,-2.2954518795013428,0.006715748459100723
9.744134902954102,-2.0338239669799805,0.0054711406119167805
9.790924072265625,-1.842228889465332,-0.0029854807071387768
9.837746620178223,-1.5897032022476196,-0.010092172771692276
9.895023345947266,-1.3413316011428833,-0.023413339629769325
9.891155242919922,-1.2092145681381226,-0.003419549437239766
9.911218643188477,-0.923427402973175,0.008934983983635902
9.930365562438965,-0.7131816148757935,0.007008505053818226
9.946202278137207,-0.5083490610122681,0.005199914798140526
9.9542875289917,-0.30090025067329407,0.005724432412534952
9.975122451782227,-0.10196780413389206,-0.007184904534369707
9.975317001342773,0.10766267776489258,-0.007816924713551998
9.956146240234375,0.3842889070510864,0.0008012493490241468
9.969032287597656,0.5801428556442261,-0.02147958055138588
9.94252872467041,0.8219365477561951,-0.013689129613339901
9.914738655090332,1.002384066581726,-0.006454067770391703
9.878292083740234,1.2776333093643188,-0.0027473049703985453
9.850196838378906,1.4148591756820679,0.007231732830405235
9.807300567626953,1.6913409233093262,0.00544687919318676
9.787643432617188,1.9357608556747437,-0.022512441501021385
9.717597007751465,2.1325695514678955,0.006562543101608753
9.682888984680176,2.35469651222229,-0.010823071002960205
9.5945463180542,2.622603178024292,0.006919956300407648
9.58010196685791,2.805659294128418,-0.023075230419635773
9.4661865234375,3.0550341606140137,0.005569299682974815
9.390918731689453,3.2661705017089844,0.008739909157156944
9.318217277526855,3.4958181381225586,-0.0022319448180496693
9.248659133911133,3.7045016288757324,-0.005208870396018028
9.148765563964844,3.891873836517334,0.0073608094826340675
9.070301055908203,4.113180160522461,-0.0034028312657028437
8.964338302612305,4.301717281341553,0.006011416669934988
8.839816093444824,4.553145885467529,0.005509030539542437
8.754010200500488,4.775121688842773,-0.020590417087078094
8.622737884521484,4.943477153778076,0.0076822987757623196
8.48119068145752,5.186388969421387,0.006002561189234257
8.392545700073242,5.3274617195129395,0.006220203824341297
8.240073204040527,5.561491966247559,0.005719994194805622
8.129209518432617,5.745574951171875,-0.006243882700800896
7.983541011810303,5.945180892944336,-0.006598434876650572
7.864343643188477,6.104942798614502,-0.00714090233668685
7.708057880401611,6.273629665374756,0.0072647747583687305
7.562755107879639,6.446051120758057,0.0077872509136796
7.398653984069824,6.657891273498535,-0.0055898078717291355
7.230757236480713,6.815773963928223,0.008113750256597996
7.0897746086120605,6.992699146270752,-0.004827863071113825
6.91969108581543,7.133535861968994,0.007175575941801071
6.732682228088379,7.3363356590271,-0.004103372804820538
6.608475685119629,7.435334205627441,-0.0015093979891389608
6.384139060974121,7.614711761474609,0.008169949054718018
6.215399742126465,7.760651111602783,0.004120266065001488
6.052756309509277,7.891791343688965,0.0003985807707067579
5.862210750579834,8.027194023132324,0.005916998255997896
5.684966564178467,8.155770301818848,0.006045707035809755
5.51271390914917,8.280328750610352,-0.0010771664092317224
5.316115379333496,8.398128509521484,0.0077282278798520565
5.096257209777832,8.578574180603027,-0.022473329678177834
4.8893022537231445,8.656023025512695,0.006405914202332497
4.715784549713135,8.798027992248535,-0.024891607463359833
4.502134799957275,8.862759590148926,0.007761217188090086
4.325342655181885,8.988564491271973,-0.022860895842313766
4.05592155456543,9.097414016723633,-0.010672145523130894
3.86195707321167,9.16729736328125,0.005323943682014942
3.6568546295166016,9.272493362426758,-0.014765007421374321
3.4705986976623535,9.331153869628906,-0.0015599257312715054
3.1963741779327393,9.4171142578125,0.009405998513102531
3.042771339416504,9.470612525939941,0.007539419457316399
2.785400629043579,9.55223274230957,0.006571763660758734
2.562037229537964,9.628023147583008,-0.01013575866818428
2.366173028945923,9.665148735046387,0.006984563544392586
2.1601765155792236,9.71590518951416,0.006667608395218849
1.9443851709365845,9.761063575744629,0.006814579479396343
1.74068284034729,9.807167053222656,0.0019175763009116054
1.5206267833709717,9.868828773498535,-0.023558858782052994
1.2749587297439575,9.893118858337402,-0.0076904864981770515
1.0431703329086304,9.898941040039062,0.008168395608663559
0.8370917439460754,9.918853759765625,0.00869067758321762
0.5795493125915527,9.940860748291016,0.006272566970437765
0.4311320185661316,9.957303047180176,-0.005637882277369499
0.21073146164417267,9.955000877380371,0.00692952424287796
0.005513068754225969,9.966748237609863,-0.006308430340141058
-0.2861696779727936,9.963852882385254,-0.007232891395688057
-0.47258836030960083,9.94589614868164,0.006268748082220554
-0.7310991883277893,9.927210807800293,0.00885110255330801
-0.9047284722328186,9.925451278686523,-0.005675848573446274
-1.0878193378448486,9.892546653747559,0.0082109235227108
-1.342699408531189,9.857759475708008,0.009459102526307106
-1.5618956089019775,9.828458786010742,0.005931774154305458
-1.781516194343567,9.78760051727295,0.008313585072755814
-2.0606112480163574,9.748871803283691,-0.009877534583210945
-2.225905179977417,9.696403503417969,0.006933596450835466
-2.5007762908935547,9.64642333984375,-0.011396904475986958
-2.717233419418335,9.57312297821045,0.003649394027888775
-2.929743528366089,9.520126342773438,-0.008366653695702553
-3.141711950302124,9.433484077453613,0.008500042371451855
-3.4076850414276123,9.341058731079102,0.007800193503499031
-3.5852251052856445,9.286187171936035,-0.0034027278888970613
-3.846682548522949,9.18164348602295,-0.00405642157420516
-4.030719757080078,9.088661193847656,0.0069219269789755344
-4.250574588775635,9.008382797241211,-0.0045557483099401
-4.458240985870361,8.902050018310547,-0.0060301050543785095
-4.6341657638549805,8.79284954071045,0.008281721733510494
-4.831176280975342,8.689353942871094,0.006376844830811024
-5.028374671936035,8.578897476196289,0.004908084869384766
-5.264132976531982,8.446486473083496,-0.00487941550090909
-5.451338291168213,8.312213897705078,0.006541817914694548
-5.636312007904053,8.184381484985352,0.008315390907227993
-5.866151332855225,8.041833877563477,-0.005978472530841827
-6.0228962898254395,7.930266380310059,-0.008918640203773975
-6.173038959503174,7.787737846374512,0.007535765413194895
-6.392483711242676,7.615969657897949,0.004094849340617657
-6.579726696014404,7.469489574432373,-0.00701034814119339
-6.725142955780029,7.320899486541748,0.005180474370718002
-6.930019378662109,7.133509635925293,0.0024997591972351074
-7.045356750488281,7.02694034576416,-0.003906691446900368
-7.198132038116455,6.853985786437988,0.006588352844119072
-7.423987865447998,6.66586971282959,-0.021375510841608047
-7.533848285675049,6.497192859649658,-0.002287438604980707
-7.698586463928223,6.31786584854126,-0.010753966867923737
-7.829756259918213,6.153270244598389,-0.004753539804369211
-7.969943046569824,5.967423915863037,-0.009127279743552208
-8.133861541748047,5.745088577270508,-0.010291540063917637
-8.25216007232666,5.574004173278809,-0.0042993719689548016
-8.385225296020508,5.381696701049805,-0.01360622700303793
-8.477487564086914,5.190887451171875,0.006660001818090677
-8.615734100341797,4.952335834503174,0.00896880030632019
-8.700992584228516,4.823726177215576,-0.0004727369814645499
-8.831576347351074,4.583195686340332,-0.00046945596113801
-8.944005012512207,4.385919570922852,-0.005038002040237188
-9.025571823120117,4.17747163772583,0.006077293306589127
-9.135921478271484,3.975203275680542,-0.012484460137784481
-9.222987174987793,3.738595962524414,5.607318234979175e-05
-9.3148775100708,3.580038070678711,-0.021660879254341125
-9.37811279296875,3.3162333965301514,0.006654026452451944
-9.453191757202148,3.118936777114868,0.0028923165518790483
-9.54969596862793,2.9130923748016357,-0.024348722770810127
-9.580385208129883,2.7012431621551514,0.00426432816311717
-9.651795387268066,2.476026773452759,-0.011111603118479252
-9.686842918395996,2.278639078140259,0.006707444787025452
-9.747121810913086,2.017404317855835,0.005681273061782122
-9.80406665802002,1.7866981029510498,-0.010442008264362812
-9.836953163146973,1.615747094154358,-0.007608836982399225
-9.855413436889648,1.3836116790771484,0.008922522887587547
-9.891324996948242,1.1204537153244019,0.007635063491761684
-9.909290313720703,0.9594918489456177,0.006819962523877621
-9.931233406066895,0.6970062851905823,0.0071645742282271385
-9.945908546447754,0.49287793040275574,0.006258509587496519
-9.973400115966797,0.26172927021980286,-0.020137343555688858
-9.958258628845215,0.06998533755540848,0.00543253542855382
-9.957313537597656,-0.18838073313236237,0.005104423966258764
-9.978144645690918,-0.3597467243671417,-0.01980980485677719
-9.94608211517334,-0.6328529715538025,-0.005291658919304609
-9.927833557128906,-0.8135941028594971,0.0023605464957654476
-9.932487487792969,-1.0150434970855713,-0.021399714052677155
-9.893646240234375,-1.2248821258544922,-0.005193222314119339
-9.85593318939209,-1.5004916191101074,-0.006172792986035347
-9.810617446899414,-1.6507164239883423,0.008229875937104225
-9.7637357711792,-1.9317198991775513,0.004630065988749266
-9.71454906463623,-2.148526191711426,0.006072805728763342
-9.681178092956543,-2.3895208835601807,-0.01901092380285263
-9.606561660766602,-2.5863687992095947,0.005537885241210461
-9.52574348449707,-2.8549492359161377,0.008071940392255783
-9.48422908782959,-3.038789749145508,-0.005936511792242527
-9.425455093383789,-3.235628128051758,-0.012095184996724129
-9.315332412719727,-3.4979608058929443,0.0024092039093375206
-9.22504711151123,-3.6991727352142334,0.010185156017541885
-9.147246360778809,-3.930875062942505,-0.005433049984276295
-9.036211967468262,-4.1899733543396,-0.008697419427335262
-8.957208633422852,-4.316469192504883,0.006373866461217403
-8.854894638061523,-4.5169854164123535,0.00772734684869647
-8.724513053894043,-4.765040397644043,0.007132025435566902
-8.616003036499023,-4.958588123321533,0.006559653673321009
-8.502330780029297,-5.171920299530029,-0.004046458285301924
-8.373286247253418,-5.412291049957275,-0.019951794296503067
-8.259489059448242,-5.525748252868652,0.008680600672960281
-8.120051383972168,-5.758291721343994,-0.005980625282973051
-7.974588394165039,-5.940128326416016,0.0038342049811035395
-7.83915376663208,-6.117876052856445,0.004159111995249987
-7.694770336151123,-6.286551475524902,0.008193153887987137
-7.5531110763549805,-6.458007335662842,0.007687711622565985
-7.41387939453125,-6.650976657867432,-0.010762088000774384
-7.225462436676025,-6.855273723602295,-0.010849392972886562
-7.063426971435547,-6.988346576690674,0.008211728185415268
-6.928224563598633,-7.171469211578369,-0.021144617348909378
-6.749317169189453,-7.301205635070801,0.003923649434000254
-6.538399696350098,-7.4809699058532715,0.008557911962270737
-6.415369510650635,-7.593312740325928,0.005429252050817013
-6.264969825744629,-7.771690845489502,-0.024523351341485977
-6.0284318923950195,-7.925105094909668,-0.009626144543290138
-5.86533260345459,-8.039093971252441,-0.0034121270291507244
-5.686843395233154,-8.19992446899414,-0.022770671173930168
-5.484182357788086,-8.286853790283203,0.008531835861504078
-5.304338455200195,-8.431239128112793,-0.012075220234692097
-5.113235950469971,-8.524820327758789,0.006485336925834417
-4.878138065338135,-8.664402961730957,0.005459872540086508
-4.685023307800293,-8.772618293762207,0.0043259961530566216
-4.489212512969971,-8.869750022888184,0.007908728905022144
-4.24620246887207,-8.992125511169434,0.006904030218720436
-4.111584663391113,-9.065271377563477,-0.001694786362349987
-3.8645002841949463,-9.176979064941406,-0.0029926742427051067
-3.660334825515747,-9.270567893981934,-0.006747557781636715
-3.4441475868225098,-9.33565902709961,0.004898369312286377
-3.248889684677124,-9.410855293273926,-0.0014462530380114913
