12.107265220553453,-73.22813104947667,-8.055656164469314
11.18082250935507,-72.84453650415315,-8.079662059890287
10.33872499020611,-72.55291527355935,-8.122563973973243
9.432002986611447,-72.14688237717796,-8.158559248218507
8.618937137994743,-71.79610127725388,-8.147116353524137
7.797963028088231,-71.4904687844425,-8.158977833354967
7.019133517511348,-71.21186067439294,-8.177378231682608
6.178678279254624,-70.88959948388431,-8.232747922465649
5.420534817777007,-70.4798310854107,-8.229571384735326
4.6136453705405716,-70.18780458316249,-8.255668459573435
3.9164300586345173,-69.88887444198802,-8.251364808812898
3.1824982776065593,-69.49540430614312,-8.245069036690486
2.36775197223797,-69.20561470072249,-8.240699653736627
1.7039610955408442,-68.80537823999339,-8.277369920050257
1.026160750774901,-68.55274834917964,-8.251991527229253
0.31925109218052306,-68.25046265917157,-8.21978055873588
-0.357943575085518,-67.87403596907612,-8.222638828200312
-1.0230501253101105,-67.57918799988573,-8.269345430235484
-1.6447187456938563,-67.26303838814223,-8.232689358554953
-2.207716146196191,-66.92254842292863,-8.259135884656786
-2.7668861384011927,-66.6680797206538,-8.282082972168775
-3.3522804266870856,-66.31394827726119,-8.296736760086526
-3.9539963699764646,-65.98604738723682,-8.27205203085548
-4.59774049044445,-65.70147424238937,-8.308506870490506
-5.152993361569709,-65.40343888668025,-8.304053521233973
-5.6254424467357165,-65.06004025435807,-8.321730724614161
-6.090627759168921,-64.85428569154304,-8.30172127928373
-6.593561793961574,-64.52939168829919,-8.296357751387456
-7.093108280009481,-64.21407554412836,-8.309673520621205
-7.577008900196542,-63.99613631383386,-8.319382736885334
-8.074613058920862,-63.69845239500053,-8.297949264631276
-8.588071217905213,-63.349324803512914,-8.297636898957395
-9.071927471461505,-63.0849639363595,-8.25883377750226
-9.4702939022524,-62.91565558725439,-8.20127250993607
-9.909007060645148,-62.57294248346203,-8.225925344659913
-10.335003532691179,-62.3448463584391,-8.259642819572928
-10.766402516078344,-62.04895755042355,-8.300403099860594
-11.192633674231738,-61.70901956291416,-8.303052344937026
-11.538034744061761,-61.48816936074062,-8.287371449276733
-11.96095398672174,-61.22244083171582,-8.268619900465696
-12.353632451031785,-61.012516947390104,-8.252891974432298
-12.815560039364195,-60.72652119310886,-8.196775351269087
-13.207808413049154,-60.498495682948096,-8.140004592206392
-13.648780123146146,-60.16450364375367,-8.126696083528063
-14.011221507064201,-59.936761334499145,-8.088526845439846
-14.326668360441845,-59.701173398718964,-8.086564844440908
-14.698901579754125,-59.44680979445977,-8.062900229173035
-15.030314581345188,-59.2442213291168,-8.072401031375898
-15.366022410811519,-58.9885668325792,-8.078207336594906
-15.72741533666364,-58.724327402406196,-8.086965184230966
-16.024910380753624,-58.50947890861416,-8.057340031768122
-16.357809982341063,-58.246878064558075,-8.003008397531762
-16.716670585751366,-58.04111815160471,-7.978922772220447
-17.020867455267695,-57.786783348517105,-7.98492637437563
-17.277722176122165,-57.62006924102434,-7.922706237939373
-17.58357921307605,-57.35302694522012,-7.895716747544639
-17.813672076905842,-57.19937726768186,-7.8920956955452795
-18.153028095156618,-56.89275935542871,-7.897293455590609
-18.505195318985855,-56.66141203151597,-7.845586697938999
-18.787137676955386,-56.49638936121372,-7.799944738275245
-19.059904135533074,-56.323083687070735,-7.72339530250348
-19.37356645155762,-56.098919215174554,-7.680776522908357
-19.695854579798596,-55.83509258408901,-7.648805192457588
-19.930859904204937,-55.67260372561829,-7.628664298738327
-20.2272140324178,-55.46726322201375,-7.585791266013067
-20.525267896329442,-55.19407636814623,-7.56100763373753
-20.74556021749179,-55.07551484774946,-7.500351683731897
-20.959176949003787,-54.86636790683006,-7.450080216499426
-21.2003642779256,-54.68290070219779,-7.4211933889755475
-21.4413532087731,-54.48075064973188,-7.396819686284255
-21.67598672213771,-54.328654589238525,-7.377774326753455
-21.913452071315394,-54.08580398480509,-7.3640294510874496
-22.13585540894925,-53.97363343636976,-7.292471349875639
-22.355322544409205,-53.73778515673194,-7.280739141093642
-22.54413263805086,-53.616218768054274,-7.2536791257921305
-22.758341828974746,-53.422661920392585,-7.240175648808864
-22.982100652239872,-53.209110430406156,-7.229130933931401
-23.17703076627534,-53.0327846182641,-7.2066284233537905
-23.360889898099302,-52.913462296944346,-7.183103174947262
-23.569831449633263,-52.681132097444774,-7.179324100993071
-23.752741204983586,-52.58526268329172,-7.120917432296515
-23.915276911214274,-52.446410997984906,-7.071086025544397
-24.130705585773498,-52.23793869097592,-7.06875362127108
-24.3515153316573,-52.05672011828741,-7.03552857114831
-24.551007884040665,-51.93365323787643,-7.007240130664583
-24.769786069761402,-51.6962159154615,-7.00487446265332
-24.921780056791203,-51.63251711684994,-6.926716369812867
-25.117936321281597,-51.486653833589735,-6.861433186768653
-25.340071014017315,-51.32967145339498,-6.817578592841568
-25.567614023364477,-51.145711144476024,-6.800465877399464
-25.742535622388807,-51.0054797943434,-6.771259015706329
-25.96608182874892,-50.751383116950905,-6.790791097384806
-26.164338273596787,-50.5764275524655,-6.793013785837567
-26.329327218166316,-50.48019972912243,-6.73776080763962
-26.51354528767348,-50.34200379236358,-6.701040745483049
-26.7250897557231,-50.122367353053434,-6.703755583479493
-26.917132036551166,-49.98225613196599,-6.692097687644453
-27.088423756456,-49.800688685642335,-6.674475262494337
-27.254926508249955,-49.66439362548513,-6.6520575988637765
-27.47301726334904,-49.45508056679164,-6.667283123321025
-27.621602935605647,-49.357843882078974,-6.6250665676205385
-27.76454645230019,-49.23753162400531,-6.57737237437997
-27.90689400766697,-49.12410121222954,-6.569374077130748
-28.1346148927603,-48.93113412188684,-6.55519981776253
-28.29643347506957,-48.81751560819304,-6.531145344720401
-28.489508918043654,-48.60511532544742,-6.523719359730425
-28.64753354959533,-48.5257200115972,-6.458449775289018
-28.868607434337363,-48.35277283623701,-6.424456298725234
-29.04472669737345,-48.23707447811638,-6.390580382947424
-29.214651038821163,-48.09626087688791,-6.333585967348253
-29.386616930486316,-48.03877447096114,-6.250796238892818
-29.62760160709144,-47.86527370838674,-6.203177510945176
-29.82911707985648,-47.711485008908376,-6.166936917338664
-30.015927776985666,-47.530580781995276,-6.175138765846797
-30.111447597845068,-47.47094930608156,-6.1608684812666015
-30.340129070328405,-47.2770342583273,-6.105789295813746
-30.490971032494564,-47.154448374779236,-6.088779883519342
-30.641380658412285,-47.07204350670539,-6.0430103684311325
-30.810830993072685,-46.91808733009836,-6.0425733892777975
-30.981960904037877,-46.78236684406678,-6.019651082734855
-31.134812509342378,-46.7179153462215,-5.956872630193911
-31.2900052672237,-46.54835337278985,-5.946667635914664
-31.459466438088608,-46.413674895062755,-5.925407526508725
-31.628810973800853,-46.27136490704776,-5.9030893979642505
-31.74670761686002,-46.20947100200957,-5.880880744091666
-31.908855824554536,-46.03310867821134,-5.902473804131124
-31.994520424910124,-45.99879817647421,-5.873910257186331
-32.14762236918831,-45.79420680731497,-5.906558152511038
-32.28666978745518,-45.74104350104801,-5.861801196374534
-32.497562741412615,-45.51231831583459,-5.879637383608421
-32.64929332461722,-45.44114611064965,-5.8481625948656095
-32.810648750366724,-45.29669935432497,-5.8355559511397175
-32.971549919918914,-45.24860826327741,-5.769194651845711
-33.125026484560465,-45.111827530030006,-5.717228967343758
-33.27239090354229,-45.024815625822264,-5.673878874725316
-33.46372539154775,-44.84702690397298,-5.688189217280322
-33.61709779679673,-44.75772882202532,-5.6825398791979875
-33.825707185004184,-44.585924695241616,-5.670768561245335
-33.99698521969133,-44.52558591426237,-5.615354217304064
-34.19322597978093,-44.34255227618986,-5.587960226523196
-34.336505356305594,-44.31269363536808,-5.520906199924374
-34.57427552002111,-44.05446401688404,-5.551726112190489
-34.74885812264222,-43.97342955044327,-5.520762169553294
-34.93929296760079,-43.81577370877578,-5.5098356880813455
-35.10516776544253,-43.749668179557226,-5.469195696605996
-35.24834668516911,-43.570375105893014,-5.479559149330981
-35.36107781962001,-43.541504668904565,-5.439127363803546
-35.56537190972515,-43.390819617780565,-5.4120531592746906
-35.77387973708788,-43.168746946042994,-5.44741898713458
-35.957276468397524,-43.058534795044864,-5.433257326114919
-36.16137820273756,-42.901670190001965,-5.42896809401474
-36.36526164611827,-42.746632227570885,-5.4107691251483105
-36.531229457091776,-42.61942919741964,-5.4067991788547545
-36.6977088146482,-42.52635782865859,-5.383284940042284
-36.839552605444545,-42.41029676663495,-5.39159319584509
-37.04975510099646,-42.233507214204465,-5.381673569440663
-37.27475269440965,-42.0690023385665,-5.374893068644373
-37.40204461631738,-41.926586793127896,-5.406359134742073
-37.56528670810472,-41.86595431900121,-5.369368730625744
-37.749553857509135,-41.6799084321264,-5.398665456827762
-37.963738532551396,-41.53443707975745,-5.388756371397649
-38.172457190453656,-41.33892098160224,-5.3977648027389185
-38.308721472551234,-41.31635930915997,-5.347975795038415
-38.57446505758676,-41.04879021461978,-5.350563497085175
-38.799857933874506,-40.88416743078648,-5.351087829157896
-39.029339434751066,-40.67890118065325,-5.359579057469246
-39.22218136624188,-40.6518612442719,-5.274720611879825
-39.416916891016456,-40.44694010117534,-5.296511473630448
-39.5694949381771,-40.39151510560781,-5.272305992003192
-39.790118089308365,-40.08532204818425,-5.338506362043757
-39.93358540832687,-39.9521288258952,-5.367720452644495
-40.084662729379005,-39.83236409866085,-5.382506983021342
-40.272611656193604,-39.73219250539774,-5.348104013935918
-40.49862548625641,-39.536182384157094,-5.347711497725265
-40.74730107148065,-39.32197847986218,-5.3552042373129645
-40.99736159534697,-39.12238626879965,-5.352344806995782
-41.16022386745101,-39.01852507820056,-5.35725129849103
-41.41192670604805,-38.80296351651465,-5.3520787079824546
-41.77255970751936,-38.695783213465205,-5.395336124673419
-42.18162943542019,-38.48215665393444,-5.462377344422234
-42.50456858864876,-38.38188001653236,-5.504608641313748
-42.80302039927436,-38.24375090542685,-5.5919820186453535
-43.18101392834612,-38.10878709214596,-5.636798710976333
-43.594058617911905,-37.97031504821496,-5.666347269753964
-43.972721515030386,-37.83501611719192,-5.705128282191798
-44.36755003315573,-37.65799118020029,-5.778205866850217
-44.71771423713916,-37.49863758240055,-5.838292772465147
-45.10980379148062,-37.2057314647081,-5.945999270897875
-45.4533453950737,-36.99606395796672,-6.052752592927642
-45.86973076127824,-36.812022895436996,-6.104085766254711
-46.29112456760406,-36.63464612403777,-6.137597468943761
-46.7619740800385,-36.33865610739299,-6.2102349592016095
-47.16216344807441,-36.19390665849792,-6.235856194375323
-47.573882667683364,-35.85170199496129,-6.351088583092837
-47.978382601842455,-35.66792988139125,-6.403462000376863
-48.400767129723135,-35.263496875153535,-6.557988405459321
-48.78970368233363,-35.181937630286725,-6.578143056351922
-49.16668921608634,-34.765756179529724,-6.743677655670883
-49.54832763083844,-34.68376812227313,-6.733577065220198
-49.98592924463906,-34.30938424992335,-6.836203393304343
-50.404432353961596,-34.08235399800824,-6.900346071172976
-50.83644572910927,-33.72476619195411,-7.015800055769249
-51.24656386860929,-33.458935240679104,-7.1042775212564635
-51.659989798695854,-33.07959543522462,-7.240603042286271
-52.115358238795174,-32.837756291252376,-7.275951011768371
-52.5506944908527,-32.41123847581976,-7.3880356280142285
-52.98498984329753,-32.17529242794357,-7.427743326909968
-53.390826240958674,-31.849541422877657,-7.505271362526355
-53.79462030916379,-31.513658550422637,-7.6099012074888455
-54.20716684447709,-31.137112882111634,-7.7442975335253195
-54.64720193250596,-30.69996083487199,-7.871600156388838
-55.117790821949725,-30.329137609820997,-7.951370561048374
-55.56205542207674,-29.976394770116833,-8.02574554527404
-55.9818559501998,-29.676693630431476,-8.080960132983895
-56.412227053090675,-29.358203144552128,-8.158040659630062
-56.83883548649805,-28.828613689023445,-8.311412166223407
-57.31072261957684,-28.577824605777497,-8.328893654610058
-57.79901149881862,-27.95518542224064,-8.459709354798843
-58.26182694799336,-27.713572654118803,-8.468488179037703
-58.70936661567153,-27.25047287766156,-8.561519812994172
-59.160351448449155,-26.882414305751162,-8.636335493295883
-59.60254038269822,-26.35254612779978,-8.772005561816961
-60.03607283234722,-25.83122717971626,-8.90262172065681
-60.50984015175529,-25.366169349750432,-8.991551854693077
-60.95999909645473,-25.00939251917238,-9.041867725275791
-61.39620448985924,-24.43243004723192,-9.159550377636078
-61.85560090990182,-24.10355222246141,-9.206579958128286
-62.25794195083726,-23.567075549085672,-9.338975124769703
-62.68073450110574,-23.15925478635349,-9.425191312041331
-63.091159745950726,-22.526807234821845,-9.572002358756672
-63.53191047525486,-22.116785839476265,-9.636162216128469
-63.96670246636093,-21.530760652975268,-9.7527299526472
-64.41043183098749,-21.04291329910583,-9.827148633718396
-64.85306132525284,-20.56486576390626,-9.887219090666393
-65.31531937441943,-20.141764052841793,-9.924928688348903
-65.73298846508055,-19.39164494340594,-10.06472514028
-66.1645994342392,-19.030143504576262,-10.10329899981061
-66.5645768264987,-18.35847484246993,-10.224137595947589
-66.97533474642358,-18.038384211822557,-10.238444278069629
-67.32374517373945,-17.47607683637204,-10.34133522066313
-67.69004841988097,-17.042185225717883,-10.41861156662006
-68.03933419718466,-16.351323858037464,-10.562377712240202
-68.48675508887705,-15.895222526910516,-10.5903562196515
-68.85220773751251,-15.296730446065832,-10.680456878243621
-69.25633988072444,-14.761659128883073,-10.745716416494638
-69.67436736935163,-14.137666878546769,-10.801227579418137
-70.13807786588491,-13.74342043411909,-10.79149925455445
-70.52299116956456,-13.03228568410509,-10.873303217467326
-70.89615744670694,-12.505671671187482,-10.924068018299685
-71.23502344156495,-11.972708409138018,-10.974108061141052
-71.6121194724698,-11.487036055731185,-11.025837347102192
-71.92132450273326,-10.8358628485018,-11.121453608481785
-72.245477903447,-10.180082933880547,-11.218120326436702
-72.52777435188133,-9.539538889781918,-11.306957373920516
-72.92511326706692,-9.138195257610361,-11.30077414620584
-73.23354444758807,-8.492371569982227,-11.360270081889444
-73.59858794674768,-8.013867759142869,-11.378918177991116
-73.88137294524071,-7.35926416515633,-11.443779730297331
-74.17902723051647,-6.723407238338465,-11.498522843766525
-74.46382607843778,-6.158266911038243,-11.541145670442031
-74.76806657068917,-5.58638604951909,-11.583778627975995
-75.01418075806104,-5.044336718336919,-11.608156043277962
-75.29592603362934,-4.4835453304139525,-11.646353780354149
-75.54926956714311,-3.899028073527885,-11.692769682042114
-75.83622303417044,-3.3885176484935577,-11.717408188988424
-76.01892780739682,-2.6163659673747754,-11.810273652964987
-76.30273344684058,-2.1095308920366156,-11.820502876624763
-76.49924546432825,-1.446294573831964,-11.861655463037687
-76.7425964980608,-0.7888935149046691,-11.901587024203387
-77.00285703669898,-0.25840037041793046,-11.903481759742768
-77.22793728778612,0.41564971191141237,-11.932323893673448
-77.35886088446077,1.0877245417287387,-11.986257520820482
-77.59984289407504,1.5394429455434315,-11.972867099161311
-77.75947801846236,2.1286603912202384,-11.987256617164407
-78.00758521324688,2.591762670546738,-11.96595782107227
-78.13738527306266,3.270838874069592,-11.995989935228225
-78.36379797367033,3.7651368969998305,-11.97461419532854
-78.45501936790444,4.518812433518496,-12.015520733295364
-78.63128303196021,5.008850861174852,-12.011697384865528
-78.70363059736522,5.677426818311286,-12.043022280556913
-78.83672701883764,6.321307732017514,-12.065370660544465
-78.98730028630531,6.752294988774407,-12.008772502928084
-79.15579298451848,7.19143439809978,-11.962183932540942
-79.07025152230344,8.028928679376444,-12.052267233831165
-79.19277990584982,8.444231191885585,-12.0360443175823
-79.25032639717442,9.009074390611223,-12.023492102886147
-79.4030036356866,9.429939206665638,-11.982021450349869
-79.38763923962945,10.227111527013681,-12.00997543857413
-79.51552931950528,10.68756206854222,-11.991485211371156
-79.42503305619697,11.413396851753836,-12.01070743534079
-79.57155878025263,11.728603071817792,-11.935473555798794
-79.53058713962783,12.450782871747155,-11.932298473382396
-79.70413635594389,12.80190257977127,-11.847266573975268
-79.59867424339157,13.545882850713472,-11.84709310795938
-79.75556891919202,13.873383852733879,-11.752815954014647
-79.73059554293464,14.592507359745316,-11.702076414221908
-79.85200419779653,15.018489033991639,-11.59638736073056
-79.71256728029908,15.684036006696271,-11.57598688831569
-79.77080512029349,16.090239336176552,-11.490645522540733
-79.75350433828024,16.53829620208864,-11.402829993704358
-79.71764977082516,17.133930825115886,-11.34447591283418
-79.65772544526915,17.59725665861427,-11.280949014010972
-79.63415120726731,17.971181961658672,-11.219404014996018
-79.4714641911708,18.61189105345361,-11.17388716744599
-79.55040675379706,18.8726508428109,-11.062386126774236
-79.24062764066778,19.60649986223301,-11.061858772370593
-79.23025256277555,19.961714553781626,-10.970019619687625
-79.09157880610978,20.49846567959232,-10.8866529013111
-79.10843097449646,20.796005496886995,-10.779181243748116
-78.97185583938527,21.24771956558744,-10.688929051697835
-78.94935169161512,21.52031220786642,-10.589242321582248
-78.72103991892669,22.02274693934003,-10.522934551674048
-78.66591033244487,22.32867412076444,-10.413428684870933
-78.42257828829689,22.91997250686098,-10.334816577440176
-78.39366218393879,23.2180088903221,-10.19619907739829
-78.16922477487851,23.68476457890494,-10.090170571745544
-78.02483008991942,24.050182249054583,-10.003053200346258
-77.88201230701283,24.417006572739595,-9.884701819386361
-77.68571050142447,24.909857803122595,-9.789405824923886
-77.5262219257559,25.26210369713127,-9.668562319748984
-77.45608598069904,25.522244109556414,-9.522322627717271
-77.12712199737769,26.02616486096934,-9.42226090211659
-77.17781112087997,26.128506765725646,-9.261061416333824
-76.71559292489641,26.76083258275026,-9.18786476211277
-76.52488635854465,27.078828400909856,-9.083708939084602
-76.30186760569909,27.385005846890085,-8.96763912519593
-76.1754613345677,27.628977164374845,-8.832245552590619
-75.84406208569912,28.06590644592507,-8.726574303848382
-75.67058607909902,28.38620019072665,-8.596682686604737
-75.34668982230264,28.80219910984812,-8.469444358047925
-75.13436458483649,29.086374823363972,-8.345844269989959
-74.70418322973856,29.410724395823387,-8.253388406129348
-74.60268892133406,29.4489787190666,-8.11368081904624
-74.09906934848657,29.891799822883844,-8.057502212170212
-74.00928610099795,29.952158245258943,-7.920345843407615
-73.69634263169301,30.30230538236488,-7.751234758088052
-73.4837289926305,30.545575361489217,-7.60417962617015
-72.97357517379606,31.012486408073418,-7.485138192833109
-72.87760727495998,31.100951793552856,-7.308382845147093
-72.56016862442858,31.35672816089486,-7.148339132102156
-72.47193535453907,31.427252363008446,-6.9592868120813485
-72.08005710092974,31.768522397403256,-6.814916954082077
-71.81478309240883,31.988724803213906,-6.681199732743868
-71.31695391486832,32.24376024875286,-6.579873466188152
-71.0875995357249,32.30821822802441,-6.424543792910068
-70.69174891739499,32.52826754876419,-6.243733851725733
-70.59719217766114,32.50971530002015,-6.0351393835461264
-70.13802899880217,32.71897560614226,-5.893304965206229
-69.90809585620349,32.76448973312019,-5.735610335121305
-69.4020334377021,33.06914738206037,-5.592596127726499
-69.22594895705319,33.166539947095984,-5.411478291281764
-68.79101329922986,33.40354037210389,-5.252635172700424
-68.47474151120612,33.507410499689904,-5.114487762771638
-68.2071962250789,33.65323802815582,-4.938542035153274
-68.01017808624181,33.73851296229128,-4.762304232364451
-67.43804149660139,34.00981367945717,-4.63906834692527
-67.14739182919357,34.01893142108767,-4.513145903422862
-66.53056800996083,34.25831164810735,-4.414091032025366
-66.12771504295648,34.337301868518125,-4.329753613725455
-65.63857429043571,34.422934050832026,-4.230012830741987
-65.29584332410334,34.51963661922526,-4.11193844409928
-64.95595020229287,34.55998332084182,-3.9791371104782107
-64.69662806928552,34.516571435945664,-3.8300847693973
-64.17775304995263,34.63028828318242,-3.7011185071963917
-63.9662136696914,34.52409749480136,-3.5859808044061903
-63.4520869937927,34.66515098192592,-3.461793521401035
-62.959819510965545,34.815249930170495,-3.3336435735287466
-62.60546894503104,34.785776304035814,-3.216968996189788
-62.3298517395869,34.73620248999777,-3.0959244831215957
-61.795042718533004,34.84641398287453,-2.990791623880857
-61.62040141322076,34.774765367188465,-2.879944070392694
-60.897289845219184,35.01740046224678,-2.7844473277644473
-60.84552474234456,34.79190502117795,-2.62840130251154
-60.05251544231196,35.0278274221307,-2.51925673046418
-59.917924489242154,34.86862167979149,-2.383057247271747
-59.53410996479347,34.87887712192043,-2.2341416754274896
-59.453978833667314,34.79778703475609,-2.0742604975697385
-58.96228373628911,34.857777321811966,-1.9505386319713376
-58.50741297700793,34.94830430305924,-1.7952589185810732
-58.005271271015964,34.99380667459389,-1.683476771287446
-58.02379645688354,34.7633347476597,-1.513609258598313
-57.502262968150106,34.89151490816432,-1.356470285704545
-57.56075924058212,34.674124664543506,-1.2343827760517048
-56.94737408448098,34.7754583858826,-1.15428563760147
-56.763434158874816,34.65093095160333,-1.0088657677685773
-56.176113325021724,34.69263910982476,-0.910481783187167
-55.88144353586029,34.592387070646055,-0.7980564966991248
-55.500931913600056,34.521142636463495,-0.6874554732658239
-55.42782993333024,34.32459242992164,-0.5709671119332232
-55.00875729819705,34.34279041569552,-0.4261687413500247
-54.87185560679642,34.24209666446041,-0.2708956537362493
-54.33322930996813,34.30090492682276,-0.15446460527670058
-54.13278708506298,34.13266881424541,-0.06175698445096685
-53.71435463753291,34.12781223345411,0.06808043878608813
-53.58683447090031,33.937229883962196,0.09945300338445105
-53.08669969267572,33.94800764852004,0.14673667224813966
-52.928138044431314,33.78204069555327,0.25224203508802967
-52.125397461085086,33.911234994422855,0.3195497256827509
-52.20664692047569,33.57677503860958,0.4205606322250864
-51.79477523532254,33.51876089093399,0.5196709819808123
-51.73964745841144,33.32898517162632,0.5660461139662705
-51.273814183883694,33.32988009444257,0.6070404561719545
-51.19679563812351,33.185915507911396,0.7489422220212564
-50.45176705262381,33.29159240442514,0.84890156404791
-50.57460621574388,32.991298364137315,0.9358375814235034
-50.11904677966594,32.98184426738984,0.9602584517710466
-50.092388920408766,32.839049284880005,0.9897596263409374
-49.69407059797824,32.88163426996612,1.0652698482166263
-49.25192293608574,32.94161323899079,1.1584448668022058
-49.1367125737015,32.809966496806254,1.2277433276279017
-48.901621247294386,32.75848226026287,1.2673324279397273
-48.63438355978446,32.73591354301511,1.3419455531900344
-48.717842336550326,32.54053155817907,1.4302818689484136
-48.297050126464434,32.55255274005061,1.4474870159582438
-48.07901629811054,32.5236029483341,1.4876076040445938
-47.627419665117046,32.57677863420829,1.4640950057534272
-47.50174681978847,32.50344629554228,1.4767817233991427
-47.128181487919186,32.51825042048972,1.5180593933534416
-47.20579128979782,32.399747153212964,1.5637995882574012
-46.54454419731757,32.57233099412071,1.6161374467815346
-46.79670314083318,32.40152013994219,1.7232035266858126
-46.04112731489932,32.590181275726295,1.7913964478637543
-46.203404966146955,32.40930296522395,1.766112205604546
-45.79158551130546,32.45594942710804,1.731917372487641
-45.881432637461984,32.34404573704321,1.7444213084285265
-45.498947599603625,32.41393333065566,1.7449092389972019
-45.42438015242302,32.408895654761956,1.7725128505350631
-44.63524764835714,32.68283697543225,1.8129581658697314
-44.781040277715086,32.55146531728287,1.8588491954857103
-44.59512014412968,32.55890650174358,1.935125986119074
-44.47962159585267,32.617161609743725,2.0566505593493947
-44.46585735902509,32.67472457214361,2.1485341862669705
-44.406138336265656,32.67195267270568,2.1698121888826134
-43.5806340185071,32.89938906114098,2.136900474309343
-43.79871481382372,32.79317708961923,2.089455270110739
-43.28402136518483,32.989377152460214,2.0609989043396775
-43.20681402886608,32.96627135450095,1.9945774533252758
-43.1790390839923,32.93532372154774,1.9520483923211367
-43.14379837304136,32.88122004644132,1.930863656982753
-42.67364529864746,33.015257142422364,1.9258822509484925
-42.50934014913804,33.07564372966282,1.9139214957539041
-42.17664398299108,33.24828272140536,1.9936680961601743
-42.42630379772539,33.20538554504719,1.93727900663935
-42.239449622797736,33.20243304063766,1.9199401732490275
-42.060277094528686,33.25897070772326,1.8153877394021292
-41.54078605222937,33.45634438994765,1.6380547873899618
-41.519356347448635,33.44360346721413,1.5639789879669994
-41.051515045484706,33.59490184668681,1.4547274766511038
-41.356331272032016,33.508645534521364,1.3312574748980044
-40.671334589328296,33.74692807641731,1.1424692819768092
-40.533398932192036,33.82656837895577,1.069567615736794
-40.56513541412081,33.866948866604766,0.994332826584392
-40.56931346604492,33.889194977577866,0.8938008301122664
-40.237702801269,34.06952621004428,0.8487215486121482
-40.40319095580192,34.097542530772074,0.8245973967610737
-40.106571489713886,34.29411102489232,0.6942232393280945
-39.932885528094936,34.437711516928196,0.6952041914897328
-39.642026755274344,34.6288663837308,0.6055002411556183
-39.582406643450334,34.73613604563396,0.5937431010353844
-39.389376204659506,34.89444765721683,0.42352040414701503
-39.49850496193622,34.86199454322035,0.3897234399498077
-39.02161233834629,35.098256411230295,0.27943675174967947
-38.98765501450768,35.07540109144141,0.3740848167576035
-38.79683626505504,35.45883142165078,0.2678565782064111
-38.77581756113117,35.6101187014928,0.1892888066661844
-38.619848258584035,35.81070225698196,0.10396042804210542
-38.50186477060437,35.87695973406265,0.08776954835359178
-38.48179653579609,36.25406358629581,-0.03816385153349378
-38.3324205149841,36.44945595311059,-0.0349006344374596
-38.17957921589391,36.704556466740286,-0.003964677254705383
-37.958404769617005,36.75072147369501,-0.03400524720310812
-37.91399659224949,37.00389948073634,-0.10787570628110586
-37.83946942345075,37.21150410029304,-0.11340376239639138
-37.801970684748404,37.48617547098949,-0.13750211255063333
-37.75689376853041,37.70801417371359,-0.15737381753134055
-37.743097812146104,38.0179144115413,-0.20187474074693204
-37.57509907064561,38.04116459969862,-0.22197033462569482
-37.56352047397838,38.34656433786444,-0.24673235147692715
-37.51537018985538,38.428233663320135,-0.26660618589876023
-37.29150376963033,38.9171258416701,-0.3425986023026922
-37.24750430203896,39.241397689986904,-0.366690126566306
-37.27954566412145,39.400227449248376,-0.3785241738546419
-37.18916829642507,39.564049381935384,-0.4370399206134346
-36.83771084599785,39.9535796285915,-0.48059134345928106
-36.842669826097236,40.14142605412438,-0.5726598845424955
-36.47600365568397,40.48426683465199,-0.6007422815900099
-36.37588484653767,40.692289429981024,-0.6487813061337238
-35.602080909100785,41.08728541946179,-0.6733999706770492
-35.690643731950146,41.21151942541827,-0.7191071118069117
-35.41223093891768,41.48506413620897,-0.8138019865509569
-35.45618190867896,41.638413157508374,-0.914577664120335
-35.0856813643184,41.941027297283966,-0.9889146591717269
-34.96609746282245,42.14338367414152,-1.0800111612033807
-34.48809185619846,42.5499069374721,-1.1908748701958938
-34.36746983117329,42.75156955299849,-1.2383203117807953
-33.99207971853405,43.10102531246673,-1.3059511037375091
-33.778448472342625,43.31149252219225,-1.3265792033986137
-33.66825471237649,43.52335936759098,-1.403809853503069
-33.17401370007715,43.88200626807625,-1.4562966211196156
-33.06881940847867,44.08022707053859,-1.4894461519726998
-32.93949674048549,44.29118403333233,-1.4918661551838919
-32.37768653228796,44.678604705781126,-1.5460899639273216
-32.571547124438716,44.759402533521495,-1.5589909303005622
-31.749595510998255,45.14959717081589,-1.6431469877157834
-31.97202018745267,45.27597358396723,-1.6337684367896437
-30.93456336275903,45.71689824595033,-1.689170339725209
-31.241838908445647,45.75481819819561,-1.742445603838762
-30.591372038746737,46.068663439987155,-1.787560287026558
-30.86037439047449,46.1954493701136,-1.693886905235196
-29.89689428553645,46.61438735066195,-1.7324301200458518
-29.635968498161628,46.82720056477616,-1.7295444976698147
-29.521437569697607,47.05712976348529,-1.7511875944660371
-29.385748278284872,47.23318110185014,-1.756333081774211
-28.906771887492138,47.47641451425537,-1.742161317390132
-28.936294681595818,47.56162252960955,-1.6856166228403258
-28.494446036503817,47.815393294830045,-1.7351340540167883
-28.35156809369848,47.976159083816576,-1.7903233883807188
-27.838351638802518,48.28876886826527,-1.882125218657332
-27.657387435941903,48.49723153427358,-1.9199201757664246
-27.19184592683081,48.746649334729824,-1.9044931156038838
-27.05529468036008,48.8236655001387,-1.8304592217164073
-26.62058007437906,49.08458233984758,-1.8510055273286208
-26.358312661713722,49.227086711977165,-1.826742523505889
-25.902502609943255,49.54749677716185,-1.8990253507207633
-25.66248104971588,49.68988728783628,-1.9309252597914368
-25.229845550856435,49.927055298013805,-1.9513578808166483
-25.025044317989096,50.00232215673212,-1.9663025070563074
-24.66702804308849,50.30540971936975,-2.021332772303102
-24.393510363569547,50.509988144909975,-2.0362973112687506
-24.03348001332439,50.86428599148611,-2.067755513992672
-23.684278142679833,51.00971792801436,-2.0795067106808935
-23.32412125948643,51.26738950202583,-2.0953557674831806
-22.93437715886969,51.38630676761912,-2.076074097654087
-22.681670608083103,51.675499844533974,-2.1116624537301747
-22.42115031466227,51.891654678079846,-2.1802266818152556
-22.258947227416982,52.21127761769886,-2.2685483222730607
-21.9389860786184,52.37878311970154,-2.289998266969573
-21.795654063483966,52.677563749091,-2.3096851187178555
-21.61818969489172,52.880238247658525,-2.287575678359384
-21.63406959066964,53.189203050516895,-2.2083981526420953
-21.634404618767984,53.291168570543206,-2.0807401896952498
-21.62654519401876,53.70936518876045,-2.0363996440085224
-21.44812326295326,53.866294345667264,-2.052588328459666
-21.135692785935674,54.0897382157645,-2.082183632156643
-21.082519232186275,54.136716471160284,-2.099647650199064
-20.718990431863208,54.342144529640485,-2.1251322782006206
-20.548599867993367,54.42314299228585,-2.1737736292054484
-19.847633639886425,54.69807718568646,-2.148339988703252
-19.959467727697792,54.71517050491939,-2.1813961921920018
-19.462449087139362,54.91705300280534,-2.152076553544816
-19.555504723016483,54.85447458396543,-2.2468412066824017
-19.12307959351217,54.96995623489581,-2.276254651199944
-18.61727770479664,55.13073861548504,-2.242424143080928
-18.196595653044202,55.20517915775676,-2.240769691365333
-18.24865486273211,55.16473365200421,-2.2527245851688846
-17.777817052112837,55.340496150813415,-2.2249146539183657
-17.68492814220053,55.41468236223008,-2.2086150070667987
-17.19589601056621,55.596955194237054,-2.195038811820217
-16.959600067803034,55.690207933065324,-2.1428798896536163
-16.354941481217907,55.94232550070617,-2.088275381671334
-16.118867027950824,56.00115801892615,-2.0713095026346973
-15.607586414111616,56.19839243182375,-2.0434255486618222
-15.505473653772318,56.26400990146523,-2.0120719088705683
-14.708870234009403,56.56035350348716,-1.9552513073237054
-14.378307559315443,56.66439001629821,-1.8986419915167967
-14.153672955403005,56.7410781907395,-1.8025091676836857
-13.945638595814707,56.78330597003835,-1.7643371727044628
-13.422018979685303,56.9175898809077,-1.7443718177874092
-13.398754205340918,56.915814708933155,-1.6977623300907896
-12.586392033852336,57.050991630396176,-1.7059175884227973
-12.722847129760407,56.993914453030236,-1.6351060032090443
-11.773120793731282,57.159335968600054,-1.6378363871305117
-11.909776099163542,57.106628125480086,-1.598985239601461
-11.28312828808388,57.215211155683235,-1.616527208463151
-11.522806674984594,57.1123741167954,-1.5712956023837488
-10.620215052147795,57.21805113652584,-1.545892214347142
-10.684600158927362,57.13943257887149,-1.4768405641707514
-9.797424623714976,57.27515141972111,-1.4640029397727745
-9.69992589784968,57.24303093993472,-1.4086727189008377
-9.263187489603409,57.33233605861262,-1.3465294565264372
-8.877910033165575,57.35279996035819,-1.2681695116826819
-8.343386365669236,57.40242733918476,-1.2133961174436392
-7.943158533623745,57.3868947405554,-1.1428002137957305
-7.625643473888222,57.360945107316795,-1.121392306739952
-7.1946254543036305,57.34729462256407,-1.0551622112459325
-6.712763529246139,57.32953950280558,-1.0075938661775121
-6.394708230241501,57.28160710221294,-0.9316316174508267
-5.860582179523788,57.364203108663716,-0.9076390331088036
-5.240804965490967,57.35182848641624,-0.8671672465803053
-4.68109930424087,57.35408468686906,-0.8621644405535355
-4.23560141371035,57.244994735302356,-0.8463552325499487
-3.742132178691144,57.28721032232676,-0.8401597821315446
-3.1921089068799033,57.21138166114816,-0.7852595896935259
-2.633496021171292,57.25536730232838,-0.7580859056409924
-2.047291537782429,57.20289643172943,-0.7385815129952459
-1.5449055186372758,57.294345293808455,-0.7351981424665297
-0.7994542915013281,57.145199985948864,-0.6418120873907538
-0.2324348303130937,57.14527430835061,-0.5978026352399098
0.4184505218034733,57.02926216446943,-0.5424859249590586
0.9312043944077129,57.01554055200381,-0.4838204241134039
1.4537563026043667,56.917902413917425,-0.41459166287978916
1.961255334531337,56.87926170875441,-0.3830156140595435
2.442786643738328,56.69623529250679,-0.32303197687847557
2.863392952139067,56.55489906803037,-0.2553422982579849
3.081124128664742,56.29278148490988,-0.1545074491508544
3.418862360677659,56.20401538739406,-0.07623245892644624
3.5874678142670353,55.99634817174264,-0.018582725892407656
3.7306658183100474,55.84216994455418,-0.0009854375941660415
3.8563874808873897,55.658030507797946,0.02545824418485389
3.966871749674506,55.58098901123522,0.08751331246210611
4.008531754684326,55.446440316638125,0.053695064403796774
4.291294023082063,55.44678291315151,0.08111741544546383
4.363647074289797,55.338960101182465,0.09974248610607676
4.873816318436587,55.26400182455723,0.13721318010873715
4.854683399601916,55.05963076442664,0.1741070045133739
5.04749052493752,54.986132873036794,0.24613602721219494
5.114239834586205,54.860311987248664,0.24497683822730543
5.435888966209796,54.81976306759131,0.2960298258050457
5.581306314724487,54.683114261233044,0.32990554708793457
5.983628233686079,54.61836984819192,0.4067347093131212
6.148041353031793,54.423494079245934,0.40806006859981125
6.529928414976958,54.27893156250888,0.519704178276795
6.542922858610982,54.050373541099525,0.5799534513898734
6.999977395524146,54.0272030091721,0.6633689952045855
7.215918246557843,53.97766348318568,0.7302589361116129
7.511505026045657,53.87720077562728,0.796415412215111
7.541413224620162,53.61820053179709,0.8599917783694484
7.857770540506198,53.4323423248969,0.8567986418484447
7.846206946806601,53.229522757078335,0.848556961425228
8.187067345030966,53.08577266874421,0.813774916681708
8.342361187593351,52.9243289265474,0.7655056218448186
8.699412758990883,52.7740054809074,0.7623837885749518
8.704831420393994,52.54948201676431,0.7802910267087502
8.955327822057756,52.392356967164595,0.7749368404664276
9.097925720782799,52.239552471396,0.7851147552926065
9.419225504862371,52.10560211598518,0.8130951355602055
9.51090953452,51.89495336844278,0.7743713005871428
9.805739224575788,51.76093695638501,0.7382416185507917
9.883170303859918,51.60167818353396,0.7384047774539444
10.115598917466864,51.51042660121043,0.7203226435126989
10.225337112390658,51.392044612167915,0.7449414941188744
10.526856686221553,51.29842590331429,0.7749366800355483
10.67724446221111,51.11029684044391,0.7957906613104584
11.053911383489284,51.0293863315779,0.8399082438377491
11.213663664771527,50.91410855093506,0.8777157146007698
11.564816875382428,50.870958375828216,0.9630619254917802
11.661832241891851,50.71264777795599,0.9689371105776957
11.968649522812997,50.6738535907156,0.998345858669577
12.316792835651162,50.562291546594686,0.9898360022930167
12.562853931693818,50.48478082775368,0.9798577964030873
12.741122132938742,50.38574812045726,0.9827283982220354
13.032069693761862,50.31020633675675,1.0054645197916527
13.184894343149825,50.15631691230835,1.002984267548739
13.538889824020611,50.02545890661631,1.0199474128201158
13.698669709757636,49.853120437134066,0.9941373679462031
13.950829398167166,49.7212088901527,1.0103542437039659
14.062004622385656,49.53644536335927,1.007639554569374
14.287840362509742,49.346704512888664,1.0231910287739414
14.39941701619752,49.13908587422694,1.015488714682638
14.655173108085169,48.97756862231015,1.017912939322895
14.808955250869491,48.82184551810057,0.990780976234571
15.163445343666341,48.70941704499622,0.9816101864413666
15.279817919598711,48.556645352932286,1.0251939110700499
15.581685784438172,48.39059369838402,1.0881766614661224
15.699360848766554,48.24099407040398,1.1534982198625057
15.971143383482126,48.17278108367263,1.1723464217201447
16.16917620269208,48.05330942860639,1.222432012735733
16.397412163566425,47.91644850374681,1.2412081539397435
16.66001106679586,47.678732783474565,1.2293494645642917
16.90709162585799,47.49621434722537,1.2168225392720708
17.000590123402404,47.359422725682116,1.3149186478092938
17.236702361749895,47.22131721981036,1.3615888466912738
17.410385002575126,47.085743780380945,1.3717919808543084
17.68797789964811,47.01844588751941,1.4190527008267635
17.736754113051596,46.93124417091088,1.5308147141715545
17.84928072576935,46.828030750380876,1.6325655749925476
18.071622359811276,46.68905159221681,1.5828274463505676
18.477737985949926,46.58098216345127,1.4977238446255703
18.70429159068209,46.431649930710165,1.4451504613913588
19.020445684614312,46.27165357479901,1.4618299784854556
19.049548928439982,46.138257501223116,1.5487949518797124
19.36487152641649,46.01597159044316,1.490331237910006
19.583240807723616,45.89664800884538,1.4698006607463892
19.816545437622185,45.71958076868164,1.5031600223824833
20.02100714134446,45.51866356466751,1.5135147569320606
20.281858199608426,45.34582296918235,1.505651920630033
20.466212477775038,45.20783079866458,1.4784702835777608
20.65053644159283,45.128807448345825,1.558467190762075
20.769447615807408,45.0526646220748,1.6110807502762534
21.03995720080535,44.98963176672071,1.6563612744113207
21.200856060622872,44.86436911337751,1.6836741109731161
21.437463651323515,44.768784919043455,1.7499279420446285
21.62344225006623,44.61439985196749,1.7959697014187705
22.02124464160716,44.53973105305361,1.6801365242522455
22.416272759958108,44.53229476366578,1.5847994470687
22.741230210528865,44.382417086189804,1.552338926558063
22.989431315739022,44.17304959807973,1.5394800679924123
23.26293208646772,44.00011383819191,1.5274947271411965
23.596068856079647,43.86795388123655,1.434757681819693
23.94007074909875,43.77670280777961,1.3625480375257504
24.17388923621241,43.56750031682455,1.3437415607956558
24.45659472001221,43.37033633368377,1.2988595346600011
24.68997664583216,43.16779887854595,1.271808301988696
25.002028211068367,42.99488301608855,1.2177534967127555
25.240521129709922,42.808310255453485,1.140507695076293
25.526370240223052,42.70492491194639,1.073136782477758
25.82331459847261,42.68577797814004,1.002705215985987
26.040866253390288,42.514383858262555,0.9732466322453486
26.23194194708033,42.38416031334491,0.986178107957988
26.53808227241082,42.266899348973354,0.9470788232404918
26.77919958301815,42.102698913118,0.8974224315878278
27.112850375218642,41.97035663991333,0.849481861252442
27.31051441137051,41.8848948295757,0.849108935005049
27.49421355644151,41.785529367910115,0.8659089426626534
27.74547238215355,41.71606639358929,0.8033141782484816
27.95367706156595,41.515810987089985,0.8146670544700575
28.20535555004858,41.37564339492428,0.8166326720268917
28.429964028857555,41.27794748113597,0.7706926433940484
28.63579559723873,41.138815637322224,0.765811367448401
28.823546650466422,40.93049368847754,0.7815034141449818
29.043875149858675,40.84463492210846,0.7670153775884923
29.255922135048863,40.83888688883108,0.7704125620478338
29.383602752195195,40.78330545134507,0.7778166938381794
29.56600507330709,40.66488709163907,0.783582358679762
29.853283096614057,40.6164829816937,0.7491072811391277
29.994932615336147,40.4879488150118,0.791137476107431
30.120301444982026,40.41668478403365,0.8043203760343675
30.29262700239061,40.29640906000711,0.7972035188223858
30.559376797526255,40.198136084856465,0.7983974306786357
30.760225809162232,40.01781551729648,0.7835278840825028
31.02521911394969,39.97222995113621,0.7700345536219039
31.22372333367907,39.78996359539784,0.7309993300119203
31.433540192181997,39.76744661988188,0.7239630216571624
31.61946800581723,39.6640087527742,0.7535727287733831
31.866792817324217,39.54475228938304,0.7052045766349725
32.06334952693832,39.393498402006394,0.7130433534804874
32.3596211579712,39.24602324657985,0.6616751363194436
32.73932849346003,39.19426370752237,0.5805471100897645
32.99057777858999,39.06001596252365,0.5271362518139837
33.22943237432426,38.95870294433473,0.5115597098813023
33.377605773593565,38.816559260637135,0.5496426329238978
33.64757015937421,38.633419377961914,0.507969640208355
33.93699303993488,38.599249244157996,0.45816529214036633
34.11082172923488,38.36861427781831,0.4222577808937936
34.402297447426875,38.35449109818908,0.3659505509063149
34.63695081422794,38.15576527832269,0.301727276490637
34.954249999731466,38.05726400421061,0.2773296544900221
35.10624451863068,37.86603811187326,0.32055768569813897
35.3157876450193,37.85045973973318,0.3215350976004204
35.474354299092596,37.58635250758724,0.31554837251750895
35.74019922884015,37.46469163864336,0.2717608967601243
36.05715892789642,37.43537795944911,0.21990530866269703
36.22783880615365,37.32444723368448,0.23502542758238626
36.43082967882609,37.19142066654928,0.2040090890002385
36.67126447076505,37.143284749913704,0.19951676072477367
36.76379785029278,36.912639901423994,0.2443191782818648
36.89770807848976,36.95360440687562,0.27458142034067146
37.03372888730981,36.887185396259575,0.3044558091185413
37.19250418536354,36.76347427014022,0.33969934191476975
37.3630660798017,36.61554821173735,0.3637681555682694
37.568176365762795,36.62832269954775,0.37019294029680666
37.78499049835227,36.47755834451115,0.36624652604137725
38.151574424855404,36.33669698872654,0.27411561745089974
38.26532600709708,36.05830634796677,0.3085710921521088
38.359559734443714,36.09005538958569,0.38241331257611894
38.58107474601226,35.975073096167066,0.36117329326299996
38.94701097268575,35.9892269121048,0.2811056021191294
39.19204494332928,35.76280824727821,0.2988334202875026
39.5707452631242,35.544822070117995,0.2257030703632157
39.787594828735074,35.350967716243645,0.2627857154287498
39.966222614448704,35.23247731366577,0.2726080333359814
40.084116063805695,35.097532459910404,0.3461691090925372
40.38631995754397,34.885272404042055,0.32509007216799635
40.839839688457516,34.74654381835125,0.2516456391164416
41.09310835129445,34.60872200634385,0.22226845729679012
41.31708734041642,34.45561060688663,0.23055028556884233
41.58061392073017,34.299950440241844,0.20429834068750521
41.82628185411123,34.09184660807688,0.2264638912272068
42.16220853018082,33.95450878098212,0.22912306247610773
42.429861397717715,33.6898920996714,0.25014840046893894
42.72357009882188,33.35498219085786,0.22898620126486047
43.008316199846576,33.10543393553381,0.22607599548614912
43.20899072735085,33.083403468420435,0.24928438700141733
43.443260428995984,32.91866983263315,0.2313962542630886
43.658699898259165,32.90188623197162,0.2546589317952094
43.83828247602724,32.53482621905757,0.2947906658717178
44.023269983907944,32.41721259246894,0.3882968048278645
44.15723982690014,31.97651328384101,0.5243809846381089
44.4596413985027,31.953081505661256,0.4773440090021465
44.71103322012371,31.76295536888464,0.47490864590891985
45.03100499723524,31.68676723711184,0.44924234489411335
45.40591372431159,31.414218875611287,0.4005238466435147
45.61252542562013,31.2729540346939,0.39566331273446703
45.723425900554105,31.004230826134467,0.4279920652554977
45.80587743979857,30.94662296790027,0.5606933398912429
45.90173633018575,30.765389952906986,0.625678219461083
46.15641154096984,30.754696940916716,0.6096887844468083
46.4275190804059,30.53385182700318,0.5966047881794231
46.56930340274832,30.408539060211687,0.6249020155338196
46.67634071808855,30.27482958218873,0.6747791661032426
46.939709184344146,30.015751387892255,0.7291451423260278
47.228997070596144,29.722019388391132,0.7416709011503745
47.56421797329312,29.69783911961348,0.673186456494365
47.82438215341667,29.425888615063638,0.687388523362212
48.06815998755456,29.114034762266645,0.6942023278417161
48.36092003052437,28.84296681487045,0.6906414675544195
48.7547848140654,28.720142902091276,0.6463601764355534
49.02229063255567,28.41405261421176,0.6703514770165139
49.31338823786392,28.34705504622633,0.647626436884104
49.5607314704455,28.085338973580797,0.6581992931091106
49.7334069759265,27.831035660143744,0.7455825358636992
49.91738692621148,27.549050939025424,0.825809855732329
50.178626479698615,27.28213499048079,0.8686404314929655
50.462962912840034,26.96532159356111,0.8890160690295474
50.77097120572211,26.692825755702337,0.8878148181759484
51.10812410868176,26.547106525827562,0.8444827819067915
51.356906595828306,26.250993603838502,0.901288467140697
51.507397969696925,25.91164999475788,1.0359367913243076
51.84593074046541,25.645889543926376,0.9971842780406345
52.07173780190649,25.360224639747265,1.0124111343691469
52.311475528533485,25.320845281404317,0.9668633036028748
52.57939428756541,25.0457063419967,0.9373366481125017
52.90019473103835,24.62170811665203,0.9316418633779151
53.08880802341417,24.450787455598874,0.9900892961272783
53.24643034776498,24.220727760036684,1.0336494310164457
53.44784812269756,23.91534514974025,1.0654730040256573
53.664733924034564,23.627803791837156,1.1224283635621637
53.83276733790697,23.441497986201625,1.1987113804194736
54.08828507769365,23.162380889164353,1.2078886351151017
54.34194039665819,22.825949840249997,1.2291308146821864
54.59048096138302,22.576117896718866,1.20838634193113
54.924528665800594,22.230142307728375,1.1694794519279474
55.19551116058299,22.078242892698494,1.1582977595901625
55.468505064311636,21.71269112636576,1.166781669894977
55.68697610599192,21.402286238091257,1.2124858129375997
55.94669411985187,21.082279450226828,1.1852602818518327
56.15493495035809,20.785322242916276,1.2185751296124887
56.36862626551493,20.42473808312285,1.2497542794637537
56.61940629303495,20.27067068207356,1.2414234792916143
56.93342574105209,19.848994797721307,1.2493940195064117
57.18906562299974,19.519577509909624,1.2649998772240545
57.39594280145612,19.163966602872385,1.2855756815751058
57.5935550108968,18.860661725094392,1.311021911740486
57.7914451028208,18.468027617435666,1.3600670270238697
58.00451235687704,18.294603814166944,1.3746170548552885
58.221681302089266,17.892723015527615,1.4095752107768957
58.46715926252216,17.562671807256326,1.4107736931973263
58.64538348641708,17.20883392558203,1.4224300163895134
58.84675787924224,16.857087622860004,1.478680068394779
58.99050592912797,16.458461624841565,1.5416667564308941
59.172602091667926,16.099405935619387,1.614060610446022
59.365381980822086,15.677160091082161,1.6602734091777493
59.493734601418545,15.537887739588621,1.660969584624572
59.678099789958644,15.148221807066145,1.6782221735370737
59.83869921220689,14.812827073976475,1.7188408099700645
59.99169930021892,14.414090339608583,1.7550544160483748
60.064664172328875,14.243829689074179,1.8246874492245113
60.23583987318362,13.82499432879587,1.860166770335615
60.480350518387795,13.459983424735888,1.8544407036750379
60.7188738962629,13.030228208241853,1.845149201223154
60.9336745512481,12.697353478777687,1.815870385198859
61.09144693026197,12.260901575037806,1.8657432682539838
61.246954197996544,11.930283657612273,1.8712809881960415
61.362639102974946,11.52816864312256,1.9022267964710913
61.45248238796857,11.386989577188121,1.8839112451730284
61.60807934678988,10.800317120399944,1.9258199023961657
61.709815233153336,10.627967827429845,1.9301298286984339
61.819427206800185,10.221424480285435,1.9448670674789306
61.96968789492459,10.05843891939992,1.8876634838255355
62.1673733305237,9.460153860825274,1.8890999496574254
62.31625175485187,9.294921279262827,1.8248900874664724
62.43327626050777,8.855159301838391,1.8633379043153717
62.53713160825926,8.4893957044155,1.9084499457815864
62.571258639032564,8.09406592786461,1.9484640377877205
62.64430722081518,7.794900593293381,1.9378719684774715
62.7115972456971,7.568050168980774,1.9117057177778538
62.857343192564834,7.208378141157143,1.9031069977257598
63.012070926510454,6.7610382232592325,1.8948156028743917
63.1035937666139,6.438328239230249,1.8758008392517218
63.17792176431075,6.061895808060682,1.833396413801908
63.17526836777155,5.928849536542233,1.815693099360324
63.271500942615894,5.316545974813112,1.8603733322724278
63.337891687187515,5.090123414277955,1.89058198974232
63.471880886776574,4.644026325292619,1.873685497470675
63.565591695766386,4.2926016404627925,1.8668090136319964
63.67932346353261,3.8433196887307086,1.8555863338732532
63.71322758862814,3.680670211474739,1.8173573968090275
63.744985735306855,3.2573918151229453,1.8388583373349103
63.80258931293191,2.7251571551922416,1.9137096171483245
63.8338830108343,2.4559678996562284,1.9086357077522598
63.86160394889259,2.1172023280778953,1.918690543597701
63.91409241857629,1.6806487394879266,1.919495527249968
63.91513792389113,1.5536014506457028,1.847068457397974
63.958339253988136,0.960513534530088,1.8661129641117369
63.93581467784396,0.6588343013357785,1.8615367163111922
63.92295107387538,0.40668826782083156,1.8538888070250523
63.94108328262537,0.05986906626389061,1.8670493058802906
63.98094097896777,-0.3636325245583686,1.8471251970126656
63.95275219998573,-0.4918509278365429,1.7797485904020742
63.95538542226931,-0.9081077449145059,1.773114031464461
64.00033331272391,-1.2395871194073786,1.7344352444095241
63.95512268976346,-1.6446673098241564,1.7516243009535855
63.92983628256158,-1.9647929706585827,1.7547183712879342
63.93764886187964,-2.3853431366118083,1.7366488395180428
63.92628921975018,-2.7062727164815006,1.7229335904920695
63.90274141428328,-2.9781787470480774,1.7183150220415715
63.88905445733814,-3.3246469638067753,1.7357197280550614
63.790176453819306,-3.7042328348542295,1.750935734385111
63.76643868677363,-4.033324740175531,1.7502383836384239
63.778382275934085,-4.462810885411684,1.7287493416930797
63.80442273585735,-4.834093422737155,1.7364449531457964
63.78711432751016,-5.089021941133484,1.6939181429399774
63.830813946414835,-5.43722000387977,1.6528840819812236
63.73451137886947,-5.857740250820467,1.7015829641242133
63.67696181328477,-6.178495463673593,1.7040653991239427
63.575554711947646,-6.563911216655666,1.705613336383766
63.463209762659034,-6.6705759370029885,1.6423648990477229
63.42690307774199,-7.080854814311046,1.621460461651959
63.38569224894264,-7.404699694074926,1.6089732571393616
63.380744608870344,-7.805512342114524,1.548843168758456
63.265572958788326,-8.107008989324962,1.5654650346692145
63.15500138627369,-8.529429728842624,1.6146945314502437
63.02144546234751,-8.659619508261702,1.5910736023371235
62.916694850756,-9.023182706606079,1.559805852311197
62.80644935956864,-9.30899677251665,1.5487486813693023
62.69740514046218,-9.72472032919547,1.5862966812374137
62.611093458182445,-10.030898293676893,1.579759090941341
62.492662160008706,-10.386415281389793,1.5463712946795178
62.33815309248273,-10.448830201112038,1.4468523824668293
62.243455353950736,-11.030361699686926,1.5025860103541477
62.14034785436883,-11.329836974158008,1.499511026193087
61.97121305175152,-11.476848742157506,1.4191726467030734
61.8746202003155,-11.738405270467014,1.3657306668676015
61.739859479193925,-12.112740549915609,1.3683022055382446
61.606246481174786,-12.234074807134247,1.3249709141639099
61.507603185429794,-12.640753028245616,1.338589086515862
61.49967188167654,-12.972754879274905,1.2994571328755788
61.41026621482756,-13.530324753034131,1.3187371620883335
61.242455672023475,-13.615874961646877,1.2533574486852002
61.09250045811326,-13.98215199650311,1.255588655188227
60.98615299607328,-14.275023086209197,1.2432949199155463
60.83487948404557,-14.65363086785913,1.2611482098364344
60.73523069452372,-14.794000491320247,1.2086080267078765
60.678781269675895,-15.362275784065613,1.2145512140227497
60.488978036548936,-15.391966759302102,1.0908323293206945
60.326853804130856,-15.724415733212336,1.056595400448086
60.13867337250264,-15.793211018922108,0.9816353179345658
60.01101566644575,-16.181625602160278,0.9923790736923592
59.947636285051914,-16.48216396524352,0.953378353787356
59.77658608189265,-16.834500550350533,0.9533342432343247
59.5820511084639,-17.03401490542782,0.8920952938330017
59.40459255802481,-17.37100270605808,0.8768391018319617
59.21630656867456,-17.449194173207353,0.8131138410449058
59.083681272468645,-17.810458193376817,0.7929830434752735
58.9148140798137,-18.026332937544776,0.731598938317849
58.75019661985252,-18.346332322922855,0.6847111937737778
58.61950428639119,-18.597247503259567,0.6363141141901634
58.48515136827621,-18.95167769239284,0.6093036125293335
58.23588536290742,-18.987477277776662,0.5373469793906901
58.12506060336814,-19.54472853957982,0.5805079904780601
57.918662240029114,-19.745159935777973,0.5287985641585535
57.73357272396534,-19.86818935034098,0.42299408518764
57.576602540695156,-20.1088229208605,0.38406968687898935
57.381202004459674,-20.450415579920985,0.39232898060687543
57.23499975410684,-20.69357512759042,0.34704648608055905
57.08209179053275,-21.032302415485827,0.31792758239154534
56.856273679054446,-21.060314181705934,0.2198455586212582
56.72637514922741,-21.57445194132595,0.22452000091628843
56.3899740147716,-21.556463136985066,0.1585112308103099
56.09534870781761,-21.859070929972177,0.20314781191414372
55.830748560888715,-21.893248239972937,0.1470382687528184
55.60775176785539,-22.22695876149498,0.1774824163826071
55.41709487731539,-22.60802298399087,0.19693539655463274
55.13344294022654,-22.69194620128854,0.1326281516000877
54.94722733132549,-22.918684091743458,0.10886120857060619
54.793560720432794,-23.262740745326784,0.10139606296200605
54.51108468185989,-23.227053459476938,-0.024019632663049708
54.31091672367837,-23.50513659104985,-0.07349060707054769
54.16052678847229,-23.74134384542885,-0.10925031967654665
53.994614824288426,-24.052584709726503,-0.14518492582892714
53.82212121824294,-24.246404506147915,-0.2169435129239561
53.59472786403874,-24.52247946044226,-0.24175074058766766
53.421600840408594,-24.75583776619625,-0.26235582804320523
53.16094114954123,-24.87258392920801,-0.29667220793769705
52.90874888966595,-25.025991105498118,-0.3497299607489244
52.66541139232442,-25.28175976247187,-0.38610239660628515
52.44129696295731,-25.490786858855923,-0.3889817593822731
52.172803817840354,-25.747877479758866,-0.39893716606823354
51.90918776157274,-25.702398647719466,-0.5387955703018218
51.676121646110865,-25.96109833842599,-0.5721311476524913
51.49543635835189,-26.35446161759435,-0.5286929695973774
51.189823050082545,-26.4040363459882,-0.5997086130648293
50.89432209973704,-26.55343095988289,-0.6137141944997503
50.612541101301666,-26.800947752708726,-0.6149280592140014
50.24898466120179,-26.887318318585173,-0.6509538780408897
49.94550733472752,-27.07602693014548,-0.7009545792726313
49.605908744584546,-27.2178046564998,-0.6827481061233669
49.246735087215995,-27.255156166088515,-0.7108678188180313
49.06994078199047,-27.448236604033852,-0.7505182535685256
48.82876893541709,-27.704672969176563,-0.7560615852444867
48.525398229168474,-27.616512535526763,-0.9008306776133785
48.27166357347047,-27.84258625613893,-0.9276259093687329
48.0456288519287,-28.011163089932847,-0.9507108733958679
47.85152316087869,-28.264270501118503,-0.9907769845793534
47.69783626784155,-28.429898286812,-1.07231441526516
47.49490579380831,-28.680542413960865,-1.1055367045379663
47.26643813358292,-28.636474668795856,-1.2421194887849234
47.051185274226825,-28.86515914342232,-1.2849159078700763
46.87019059786875,-29.052510164416816,-1.3119245007987685
46.74234444735529,-29.351246086012555,-1.3402669524790873
46.54861819001377,-29.525872156585294,-1.3746929943291262
46.36479930664116,-29.79801137629555,-1.3845919086315852
46.05841637879418,-29.699884845780765,-1.5206276973502788
45.820970887248286,-29.893133561835235,-1.5814128154801164
45.59925562214747,-30.059757155816396,-1.594761779907655
45.439517615389356,-30.337227443098307,-1.6167529506518117
45.27342302380736,-30.502488603665768,-1.6747421675894736
45.073317765264214,-30.75840875580841,-1.6867664841378704
44.74681170904651,-30.67312243400848,-1.7818170852257682
44.47348370506147,-30.889419036512056,-1.7775567327409019
44.24582092581045,-31.0538090308473,-1.7823458492726116
44.022350570311616,-31.299237166982596,-1.7858663474492744
43.75428475178619,-31.427487037086472,-1.8007356908180288
43.53261214561847,-31.64796912204751,-1.8314250078791026
43.29634178910585,-31.61466085540136,-1.9235908376231177
43.08074976880365,-31.859360187451816,-1.9253913409116477
42.83444917820753,-31.99112897352262,-1.9476423778358347
42.53299686923079,-32.200856596478815,-1.9221198512014117
42.24708939705137,-32.306175888576426,-1.9443548528795354
41.98116518438793,-32.51617644498099,-1.941257115835803
41.63339360592994,-32.40952677220364,-2.0256999221194096
41.42633606703508,-32.635121958494416,-2.0438871019447755
41.150587917994166,-32.712280449665684,-2.0970225690387663
40.91302002627345,-32.915131982793255,-2.1164176358389506
40.6413380924979,-33.036413072629884,-2.1207608927787684
40.4383123298713,-33.26153094989867,-2.1360615074578027
40.2438560629417,-33.39778088109957,-2.1783460626556095
40.06683279265563,-33.63999421277014,-2.1917273425812533
39.819606002408364,-33.75292615101181,-2.221056916657562
39.520026998850426,-33.729443513786606,-2.3005933249887143
39.24098733550766,-33.828237734387066,-2.314258167193477
38.977784483374634,-34.01963008872426,-2.3133244502000236
38.69420808736572,-33.94097578459211,-2.400248103197597
38.488234191553104,-34.158028469964684,-2.4095533930460715
38.29583978647102,-34.48113253250452,-2.3581158542284717
38.05852499767354,-34.48165736281488,-2.447868243944342
37.87493178177837,-34.61433110574554,-2.4880060110170423
37.636560969683984,-34.816686247115776,-2.4878634589738566
37.39955848332152,-34.927698328936906,-2.509832604906675
37.142177974600564,-35.085472261365446,-2.5391925093980032
36.86933960206155,-35.16624592375135,-2.5682399548173027
36.55900826062795,-35.14372010868474,-2.61881720382898
36.32302489386321,-35.25341994103434,-2.6376024646577325
36.10157180052081,-35.44707649593002,-2.6481502134447226
35.789433070610684,-35.337369637802176,-2.730340023683795
35.536633714695384,-35.67626582707122,-2.6837604067298124
35.20421102882432,-35.72676301497054,-2.6899893708234686
34.92465603913483,-35.6955785278897,-2.759930644882229
34.66556941555128,-35.79356995080615,-2.763401489668258
34.470733727686635,-35.993251389461534,-2.7779897853105147
34.224436525328976,-35.92434918954245,-2.8512745042537846
34.07087927460224,-36.131119509146565,-2.8826530129381482
33.84792511448034,-36.24467070715336,-2.8914194414050374
33.62275169932922,-36.44934980465211,-2.873304772877346
33.4017208679552,-36.559555420212874,-2.885315936170807
33.16641610482622,-36.7663545927419,-2.8514390131164284
32.81463815299087,-36.64506449450114,-2.895751591518294
32.587030617414484,-36.83974069286258,-2.8772839557032386
32.37695993219927,-36.94832980739609,-2.892999712453275
32.142464490036126,-37.09190408654984,-2.92307720099187
31.901031886011587,-37.17280700100778,-2.9417633014227516
31.683361446840266,-37.37115493620929,-2.9225722296765633
31.429050294598525,-37.27192508464023,-3.0080470409262974
31.2578520385329,-37.678244974479725,-2.928238946827556
31.058921082422497,-37.77921616051762,-2.957856144405016
30.79820464393128,-37.74802021739408,-3.0168729648958075
30.547747276535024,-37.88285752641526,-2.968624944594793
30.304950047994577,-38.04794969896418,-2.9622429613567287
30.007725976329915,-37.92250844950541,-3.0331771463616626
29.767327977601983,-38.09972853208182,-3.009816512135414
29.57286070298776,-38.240777008439764,-2.992363872739975
29.362563817259478,-38.44415512489787,-2.9669228652616155
29.162345357957026,-38.55494711898999,-2.974556899018079
28.863427616657752,-38.70476078272068,-2.9326366973164775
28.584455719985232,-38.5996297823811,-2.993386438665711
28.339268421607752,-38.781077078407286,-2.9567223904295803
28.155087286096236,-38.904429391413544,-2.959552782070728
27.943219703273012,-39.3049733597652,-2.8481840068852757
27.730352353821672,-39.21152090520784,-2.9408899977376963
27.50472532048944,-39.39547271954754,-2.9139561602082815
27.263165903177118,-39.31334471084995,-2.9775931959842254
27.048478738859433,-39.48904797787992,-2.9648228172945292
26.851011366167597,-39.59506403151999,-2.972885235000881
26.652152771946298,-39.796210647536014,-2.950312064109531
26.42878840709523,-39.90211548214358,-2.9397452071810806
26.212406318981817,-40.1007488223934,-2.903249312916682
25.999466233593747,-40.20684011067178,-2.902909710077243
25.75407137738408,-40.3947152478682,-2.8559383945401793
25.5591148206999,-40.51706281835858,-2.852818669756627
25.297002864742836,-40.48138149816418,-2.899319304303739
25.111996479184015,-40.59255945278783,-2.9097476820910764
24.897705943360844,-40.753617941042826,-2.910071338786308
24.695821263999633,-40.86678516366738,-2.910026134017393
24.445299534227498,-40.84663920064631,-2.9442968656941844
24.285261011340157,-41.16953564683977,-2.876782292547732
24.0396399078757,-41.16477105827394,-2.904295356544897
23.85683349403146,-41.277649475860734,-2.914959681624772
23.63223547140093,-41.474703888075254,-2.876370075270074
23.405634119420203,-41.40666411541299,-2.9317319857968442
23.180044811317316,-41.80926781863019,-2.808654643332559
22.903868525838952,-41.72073198247803,-2.84343456047637
22.692235042219956,-41.90143766627489,-2.8315747475085904
22.49760107002362,-42.01084868062365,-2.8367384904874777
22.28184130327715,-42.19927641887222,-2.816688479057354
22.065288740050015,-42.12147880108308,-2.882522243882191
21.844197218011765,-42.494288405219244,-2.7922899612449212
21.609421459779444,-42.38661843462466,-2.873807334741062
21.374134630790454,-42.534979177897384,-2.8755653094081386
21.15469189423843,-42.61025066818588,-2.898216267591992
20.92313948767679,-42.76613897782255,-2.8929995438518596
20.69339140831972,-42.66864163034751,-2.970503947907019
20.470369033944802,-42.85427877698217,-2.944775648571036
20.26791662497608,-43.15422386896366,-2.869145630081593
20.037552634600438,-43.147669639267754,-2.913061174605005
19.778981402139532,-43.23855419213907,-2.893502674350759
19.510133200195725,-43.4095812468155,-2.8501089608928147
19.256681502321342,-43.50830034011917,-2.8308032259028
18.985615241502085,-43.47392033393563,-2.869811369407383
18.730899825832136,-43.5639723985856,-2.8532194834587132
18.494607652289243,-43.91273194387464,-2.775948147657097
18.269455992079905,-43.83492462759997,-2.8404303669699424
18.02904663502384,-43.99959434378675,-2.825648563026866
17.79579002219892,-43.90742249177674,-2.8966278776810257
17.598491639929385,-44.092186034346135,-2.891148086395781
17.40467584000861,-44.20771515410561,-2.895765496823227
17.184395427748072,-44.392396833923975,-2.8795511692442233
16.971897978244062,-44.495486919533484,-2.8857098720408283
16.72768094809489,-44.64130859404351,-2.882785590851312
16.501439728291537,-44.72069018824793,-2.8964898614158012
16.225873254375898,-44.69350052901854,-2.9279399471616627
15.965631338094628,-44.783631759650746,-2.9098230679934955
15.692867136185546,-44.94265145688861,-2.880135748289443
15.492011658532075,-45.05728533304625,-2.8822998581431762
15.227132145795366,-45.236745971413775,-2.8387766260440115
14.974340998668016,-45.14182438141138,-2.90291791015789
14.721046141118345,-45.30104512780548,-2.8835270742927306
14.484601211845922,-45.38884111133709,-2.887512661213599
14.243923757101665,-45.56534056354286,-2.8637543291125627
14.013515463300198,-45.64915200611955,-2.8722661771366074
13.769592758369141,-45.805044483465586,-2.863787323685743
13.500979811740859,-45.68573898162994,-2.9362252011584467
13.215899403474975,-45.834091333017795,-2.9056554932141423
12.94993541570004,-45.91171410955972,-2.8953217343786086
12.667356073606896,-46.05200977447893,-2.876538347837989
12.406018875865112,-46.11250473107965,-2.882413063389527
12.115912077845614,-46.231052414828696,-2.874830516715454
11.847728942028532,-46.29034667332352,-2.87660808373704
11.609031242205488,-46.25012510873123,-2.9404022417035995
11.373406464142526,-46.331046409201164,-2.95010227375566
11.069279823858482,-46.46000382305616,-2.921980165199524
10.830955113511653,-46.5581240335435,-2.9138406491050532
10.532230828155283,-46.71904316373936,-2.865835004734401
10.29685980451005,-46.619022359452785,-2.9406039810194584
10.031215678047793,-46.77067869537726,-2.9216347392713558
9.770395676023597,-47.01118713177184,-2.8672534561785743
9.515035545303089,-46.96483221300746,-2.9241865201278516
9.250557223450725,-47.01236206674773,-2.940216747407786
8.962847063453156,-47.13568485958403,-2.925038356581567
8.745446323110462,-47.03479757562992,-3.0120050263891462
8.496666966717088,-47.18083066343382,-3.010037878279178
8.260181807556041,-47.25231203999889,-3.025052451094441
7.993872216053366,-47.3758508777502,-3.031727827624285
7.73622326699784,-47.4177103662991,-3.0549807072053774
7.408327159411903,-47.5265389840785,-3.029388148541046
7.192114594121346,-47.46952138605446,-3.087421168481827
6.904269636613409,-47.6293762203792,-3.0523643241965135
6.609138396309141,-47.71553386645315,-3.021058219692179
6.256833839219508,-48.00053752094174,-2.931920578554113
5.978440088031635,-47.888652313013836,-2.985195227775852
5.659102563431295,-47.99480554633137,-2.967671475623147
5.386475061452838,-47.895123247195464,-3.016929606357439
5.073812228392291,-48.16338830597167,-2.964575918019174
4.809185607731255,-48.06774886083165,-3.01193944744501
4.501306382044442,-48.18484961564961,-2.9979839369248924
4.225330702576174,-48.23093077551477,-3.0059922163429165
3.9193708238008127,-48.32968255455354,-3.0028389780517615
3.6321924144539897,-48.22330206796263,-3.0449235989928036
3.2678002301526554,-48.47097076363041,-2.9761977380269107
2.96571773967484,-48.387312323773166,-2.990135208840874
2.6807823946376894,-48.51071538167369,-2.98682012317166
2.461814182812274,-48.56706206963875,-3.0238469998233635
2.1670529164570542,-48.66552759974086,-3.028891224816713
1.9446869976463985,-48.57670125117494,-3.099131315073246
1.6266748376593532,-48.67919570796133,-3.08800701682573
1.313393981057715,-48.86173780851162,-3.0507869225357247
1.0359585370501172,-48.78853836882653,-3.109940173307698
0.7692362363881564,-48.831305429053955,-3.1275720990994973
0.4766238935831898,-48.92336456270034,-3.1400824477448737
0.2465530591934745,-48.807790012722485,-3.224802248858237
-0.07868368144274222,-48.87469805632977,-3.232502257263978
-0.3678566559166662,-48.88074160981557,-3.2597400534578247
-0.6826385243721358,-48.9512621260702,-3.274605955057984
-1.019277722803369,-48.941204006913175,-3.281425159429642
-1.3863018968675285,-48.97319544451864,-3.282034066282785
-1.685230281462097,-48.972177781670794,-3.307956468417541
-1.9579140886887243,-48.920912896812254,-3.353667646485858
-2.2348750742386407,-48.930661405069,-3.3836727364509933
-2.6388436407248137,-49.07461361079137,-3.3589989282494783
-2.9276929340736926,-48.873261966521845,-3.451940663554334
-3.2642679759741173,-48.9025848119459,-3.466884174955797
-3.60242918325122,-48.86825420545735,-3.4853073791806177
-3.9095642509097925,-48.762842646417035,-3.537491753453513
-4.25811526559557,-48.70596211270351,-3.5576168194018694
-4.694037425128838,-48.82780621223838,-3.51963688331527
-4.953129920930841,-48.69055527570964,-3.583777575208449
-5.279417871764028,-48.7167350418435,-3.6038102868091855
-5.580804732367003,-48.68612013824407,-3.6367730380688794
-5.863344875029946,-48.56326947772954,-3.7080851379306594
-6.206498970616914,-48.65890581462139,-3.6963052535912055
-6.494134331820664,-48.5260621709276,-3.769423247267479
-6.795639203298022,-48.49200640999726,-3.799827624567738
-7.15488988988503,-48.50869133014115,-3.8016844476068283
-7.439981092600247,-48.36687193968691,-3.853324455932998
-7.786019502262793,-48.38255591009742,-3.8621673628734356
-8.135115877347223,-48.47411473360264,-3.8446656649504187
-8.409569953568806,-48.3825011930381,-3.9000345379926284
-8.693675916453545,-48.34199048057993,-3.943903863994789
-9.044057965960208,-48.32019678487236,-3.967836856894474
-9.358925030092514,-48.27562353722296,-3.991024169137691
-9.698197223044435,-48.26524386433412,-4.013605062825859
-10.019634510167968,-48.10027012324769,-4.045948703484446
-10.424306282249063,-48.201634386038606,-4.023650894441001
-10.697834437512487,-48.040860400033246,-4.079681604663972
-11.084483903247765,-48.01893108795979,-4.074748393331914
-11.378623820838925,-47.83785000177946,-4.129853404502795
-11.791163905491244,-47.92822678521682,-4.101495756968377
-12.07172762482668,-47.769113005368986,-4.14928846863002
-12.477875646512544,-47.854768447804176,-4.12762699266176
-12.747986219836774,-47.654825444673634,-4.201293962358297
-13.097775395956857,-47.56830150479,-4.248453987510209
-13.371840821903824,-47.33593878579201,-4.334197223857473
-13.724927355358208,-47.243210343875504,-4.3761854723151385
-14.074463141572785,-47.15940500337825,-4.384261616918479
-14.506050191498142,-47.21931849120444,-4.351526368999192
-14.801863253782566,-46.99215211574137,-4.417311058077427
-15.155301073175682,-46.87900260300955,-4.458051734061754
-15.439512649113594,-46.652265995718686,-4.527810614406197
-15.791694869397299,-46.5708443108644,-4.553519745934119
-16.184873820963425,-46.4288377451894,-4.553736670831933
-16.65844797105298,-46.39136854702071,-4.530938245727234
-17.00528287206948,-46.132131383446136,-4.567315463942855
-17.38791542693581,-45.9959038062275,-4.593342857957685
-17.708504562942633,-45.847236463612056,-4.6307095676357655
-18.010908049400292,-45.62086351514632,-4.693924434072878
-18.38304419894995,-45.472903480986105,-4.6974023711656905
-18.786036247958855,-45.46393755611184,-4.688808224099596
-19.059817666995436,-45.21611955385558,-4.756087862607753
-19.40305752871651,-45.080133963947674,-4.790881711661061
-19.67286134602428,-44.82327033043352,-4.860062307928059
-20.022509728130544,-44.67014964633668,-4.8945477526587045
-20.30638818413802,-44.52072066635656,-4.941402670816884
-20.625000191727104,-44.398068739241864,-4.9796146035588835
-20.9171952648308,-44.26036604926427,-5.01268924945838
-21.240780131155255,-44.12469725961263,-5.04964817926384
-21.494843486336805,-43.87435366850469,-5.115134354248243
-21.838003084272515,-43.849912244798006,-5.123721800476603
-22.11759244225573,-43.70778455985003,-5.161661576190042
-22.42540687287302,-43.551134801206075,-5.206616390885342
-22.666920276921775,-43.309621110957494,-5.270276429196128
-22.964523154017535,-43.16220150234016,-5.314389246350209
-23.220517397250248,-42.92022168188247,-5.370411676257532
-23.548595472522017,-42.75384349274249,-5.400207334213159
-23.853414972885773,-42.57758628962483,-5.429296946511146
-24.232340823372255,-42.464640625932084,-5.438573201366755
-24.503993342630586,-42.19439079558255,-5.484555326122695
-24.840707286365024,-42.05274243694238,-5.489998152395037
-25.11656767999951,-41.81552693866924,-5.512863338770444
-25.5117700283536,-41.72067598616934,-5.493767091811395
-25.80282497303936,-41.551449226645516,-5.512228831564254
-26.07123477364025,-41.325818729081675,-5.542253534264771
-26.370489660193513,-41.16533228010197,-5.54527401823802
-26.68676105697847,-40.99401571335904,-5.560310475592976
-26.94557869379268,-40.74622991298686,-5.586202907215502
-27.234050452934163,-40.573205392154016,-5.611554341130684
-27.55967598201676,-40.45316715330715,-5.61077388236619
-27.871378898034045,-40.30346267886686,-5.6080316627166855
-28.085957156665238,-40.106791742745756,-5.633109080213452
-28.364887901004437,-39.89532881052262,-5.674983153574488
-28.587527494337696,-39.59101508810625,-5.7369981062668804
-28.841920428171782,-39.38793094084354,-5.78277329295371
-29.119743413334934,-39.19952201668584,-5.7929906201314685
-29.411475228766268,-39.025913140922135,-5.802434091282202
-29.728378055243503,-38.84046619945706,-5.781751698331715
-30.021153757668763,-38.65468800059012,-5.787257559675601
-30.298584451176495,-38.44420683250745,-5.799105735306409
-30.55023488571514,-38.18630847848016,-5.8187943830644375
-30.874843862109998,-38.00841785409873,-5.81194767310259
-31.16669619151482,-37.754923146551725,-5.828745496013599
-31.410393115749088,-37.45242025187175,-5.854607380177667
-31.66695142984741,-37.21253997769761,-5.8780051122679815
-31.926452577130227,-36.949858601825994,-5.901474721596276
-32.15685265341723,-36.65179447055095,-5.930837088404253
-32.46176519927491,-36.45264394544603,-5.926577654140346
-32.69275180467535,-36.13799299496722,-5.956636429396678
-32.95794521175512,-35.88018163000336,-5.9633136158078
-33.19718104758231,-35.64392847675023,-5.98299003164167
-33.422666030900125,-35.3870714393202,-5.987686077995939
-33.70303544006533,-35.195332843240564,-5.987871424778784
-33.9334622837934,-34.89772305064335,-5.99591035606745
-34.20453190517885,-34.64080690809208,-5.993700616752799
-34.456421246929125,-34.39366115428069,-5.987192472305817
-34.715648403773784,-34.16545783671171,-5.973624595151795
-34.93883484058714,-33.91865186003297,-5.952603057385556
-35.18325381898566,-33.68603417342293,-5.937930522597845
-35.40315966216336,-33.453777642934256,-5.932099930471152
-35.62836818914607,-33.21584547042466,-5.928518115325164
-35.83974970721495,-32.99013548146822,-5.9200999407748665
-36.049793313763026,-32.7670272680072,-5.912176071070587
-36.2557154724327,-32.52977570609011,-5.909364088546674
-36.43537721419008,-32.28060818975956,-5.901010869514783
-36.677080864410485,-32.10309505780226,-5.87122408953156
-36.880157569472956,-31.868034804311765,-5.858784407064433
-37.05138820356111,-31.597779611389477,-5.860057894023832
-37.24945543482159,-31.373053691852668,-5.844004283355275
-37.43657132864975,-31.145126896709208,-5.832695846177154
-37.586496163775735,-30.940724281079365,-5.834777621208821
-37.75565303744494,-30.73036911853989,-5.807033362232326
-37.90631813939987,-30.542173297116133,-5.803098945365573
-38.06252563677202,-30.343777295340026,-5.795017128825356
-38.218207407350526,-30.139132561866255,-5.7846694926923075
-38.363540677154475,-29.924240696287207,-5.772298177936184
-38.54849427206364,-29.7231905141207,-5.752044911456389
-38.69300226250467,-29.514794706777963,-5.728079164298258
-38.85920430369536,-29.315144575442034,-5.7026044943873035
-39.02870107713184,-29.103095682286416,-5.68062938404411
-39.17624116923253,-28.86402502985914,-5.666089739855001
-39.339062558645665,-28.64618030932492,-5.645515731022233
-39.500039268087875,-28.44141169569664,-5.613546491052239
-39.66686316499015,-28.24602541092924,-5.579517850943971
-39.83963901262402,-28.001405900213715,-5.5414173234055255
-39.996645325787526,-27.753778547097003,-5.510010191765389
-40.125583500834175,-27.5257366018498,-5.497751302038156
-40.28678633896747,-27.284150603074465,-5.454762137199236
-40.43634603512514,-27.098838305723174,-5.409211184096316
-40.5633622211162,-26.93067046092027,-5.381737423890599
-40.70442840126237,-26.710716881571216,-5.3490580226719695
-40.86456035865973,-26.53290970196886,-5.296067228672934
-40.98122369787086,-26.35056644567471,-5.267444177887087
-41.118331967595275,-26.199139369282143,-5.217747093457238
-41.25066946179886,-26.059949539750253,-5.158935191486169
-41.38590319626519,-25.89903513514493,-5.117313245055831
-41.488932187603204,-25.69790396956859,-5.0875356785722134
-41.61797930503645,-25.519158234592975,-5.050067393477315
-41.73027844367179,-25.322168951490127,-5.011964433862903
-41.85821686501666,-25.155391708854,-4.966237500648361
-41.96849622492442,-24.987756388765895,-4.922434201155565
-42.09413074836415,-24.851967362770452,-4.866970216209288
-42.1966829634014,-24.688687172231905,-4.823165558992069
-42.305725287272,-24.521401171941516,-4.787536345592788
-42.429760518546445,-24.325737497493083,-4.728355431467239
-42.553490517528594,-24.188416646004615,-4.6764491286186685
-42.66183120484732,-24.038657923941923,-4.624665674588992
-42.7853086143936,-23.912756647188782,-4.564686295688131
-42.87541527378968,-23.75925681029532,-4.513551124793114
-43.02018253931007,-23.68439515034932,-4.430994131966243
-43.12590715859351,-23.566084181847376,-4.36551410404947
-43.24547857036163,-23.45317813777544,-4.310268740883649
-43.32800753420073,-23.321657542330833,-4.261711057892767
-43.43469563340399,-23.223168631257916,-4.205454200546556
-43.50623503392549,-23.080621086127888,-4.168467763355254
-43.63443172550459,-22.985559952568227,-4.085658019059279
-43.70577933845369,-22.861202875151612,-4.041804669579703
-43.80742771160356,-22.725581883399638,-3.9822818683929597
-43.87479842014946,-22.58491883267649,-3.9590571105418126
-43.95431128333873,-22.435063210287936,-3.9178307493511073
-44.01086686165303,-22.263327125211276,-3.8816138463313656
-44.105859128930156,-22.169618748133207,-3.818375537471716
-44.161856598827484,-22.0424321216972,-3.768879540901218
-44.26805310960313,-21.923373879278632,-3.7271554759937136
-44.26866030284409,-21.756522876372113,-3.696735330872851
-44.37593711556608,-21.660178413887497,-3.647933757575833
-44.390433102363005,-21.494787727069568,-3.592491482640004
-44.5057416116695,-21.44400028245969,-3.5308373732592067
-44.541184447830666,-21.304758939112713,-3.48190106074093
-44.59053274169541,-21.18284453302185,-3.4413620921310493
-44.66971688322395,-21.061493634759486,-3.377380895816654
-44.72713827815124,-20.960020089284633,-3.3085810047251196
-44.74996847522533,-20.83213972232084,-3.2407931224086384
-44.795259702690984,-20.741263049982365,-3.162174682374834
-44.80008285312989,-20.638445341040317,-3.094280915548371
-44.83637483460576,-20.576676427531936,-3.021279924730747
-44.88598750211084,-20.522491846556246,-2.949842317750889
-44.898987660600476,-20.431829338200558,-2.9102437614121475
-44.82709710751427,-20.268925124640823,-2.9118198388545
-44.893461716595716,-20.21120079832797,-2.865984809718316
-44.88286404651252,-20.092675906736584,-2.8599887290824584
-44.86359591643637,-19.999171275719277,-2.8191821326378133
-44.92927340928277,-19.919998078124436,-2.8057175553816585
-44.95034547581812,-19.86761485797633,-2.7842522837347805
-44.984412970553876,-19.775311499415167,-2.779538993252349
-45.045867995456796,-19.677091826045363,-2.7765015177597365
-45.113929107852215,-19.556045375781284,-2.7788148857642447
-45.18545895891328,-19.465516548946365,-2.7680171320059026
-45.256597162192264,-19.345457901042423,-2.7593683996405236
-45.33168667963075,-19.304818597623616,-2.7154365209052185
-45.40622275372898,-19.188496504864727,-2.6979605109552147
-45.46500312199397,-19.121363834275098,-2.661304976064262
-45.54457902049594,-19.041603836363326,-2.6491075796264947
-45.6505501259683,-18.983314020868924,-2.604983507586414
-45.720928722227775,-18.824108635923285,-2.5957053283973024
-45.780569573839514,-18.711258118906084,-2.5667544566776312
-45.83164933289986,-18.53169562410883,-2.5947363121185205
-45.973065064531916,-18.452773063982107,-2.5765959063371042
-46.0164055241786,-18.284519537239298,-2.564112148609605
-46.10178259277633,-18.17952982087351,-2.5567559258736927
-46.189480390141405,-18.024506038558467,-2.5660202591225802
-46.268614322867016,-17.920282666871067,-2.5529715905793786
-46.35517610581505,-17.873952852034552,-2.5088874376937342
-46.440202647843755,-17.75323976013426,-2.4979536864996477
-46.526428256759615,-17.578578392928744,-2.5014485842233585
-46.6716892269223,-17.522131623867963,-2.4784629009135206
-46.797917378263776,-17.39016270719184,-2.4964333399499115
-46.878726078208686,-17.240872618060425,-2.5173430332520277
-47.02404063579554,-17.166059459658296,-2.494147191250007
-47.11490356075689,-17.091042815004908,-2.470000318828278
-47.233069967557874,-16.968633814681436,-2.4816213188697263
-47.39550401741782,-16.946362050343087,-2.444309581526254
-47.43576440467673,-16.748041205073424,-2.4714462657303664
-47.602988659480104,-16.718536269452287,-2.4332570746366726
-47.73422769591204,-16.56045849938872,-2.4579575476112345
-47.82156888069843,-16.467825948044542,-2.431387110877243
-47.910262204007566,-16.318161026973304,-2.4300406697662553
-48.0724560447111,-16.26769584673087,-2.387048948311171
-48.15453901398212,-16.11671375985263,-2.3798860850766497
-48.23769307956703,-16.005914732901562,-2.353189888788021
-48.28510219517518,-15.78363042961958,-2.39712862485505
-48.424269361087795,-15.714588741617737,-2.3425468925673556
-48.5354547951879,-15.521090770718143,-2.36200889274998
-48.71430036482983,-15.442377325472552,-2.330889633134768
-48.81929623298737,-15.236293746951636,-2.351623360254701
-48.9000313617857,-15.07721050482199,-2.331418806337696
-48.96673153918863,-14.869898756433836,-2.325794885777368
-49.06514501403895,-14.738269077077819,-2.309836324962405
-49.14534914652035,-14.548304527866017,-2.311647785154467
-49.35345372120338,-14.476961462096128,-2.286571947628562
-49.46777833698664,-14.271871277652027,-2.3170476735666923
-49.584108749015925,-14.118834507898102,-2.3196909108387818
-49.68246402676584,-13.887349257339098,-2.347981128853717
-49.78296449491006,-13.693006381684702,-2.3533087300414643
-49.885086879818346,-13.498098987054707,-2.3780510841054032
-50.09674085882437,-13.40719016087289,-2.355080708385776
-50.20475472732959,-13.176405478366863,-2.39383326933594
-50.32723526461136,-12.998353183964754,-2.410937101167886
-50.394828281929875,-12.756329192489229,-2.424949642411118
-50.481914681694334,-12.539107733205064,-2.4313881153288044
-50.54144580923012,-12.267272591721326,-2.453794849378535
-50.7176964853612,-12.147333973341915,-2.408451670893366
-50.69771532787613,-11.827241795039335,-2.4822750246159986
-50.89514106604326,-11.710495936125387,-2.449760013128518
-50.85136954378339,-11.395207233940337,-2.5072859165378403
-51.03733325855169,-11.279193536424168,-2.4625525846039875
-51.11573982755621,-11.007746534424022,-2.508172972464309
-51.32300260342987,-10.8520006163816,-2.4938158294368553
-51.38588727527539,-10.548249983934472,-2.5423306173813645
-51.495332722310756,-10.309838542403138,-2.5814775304007194
-51.40819167477899,-9.91235582113194,-2.6585088663512986
-51.607088984889764,-9.780364711467348,-2.627192637292958
-51.65751967645745,-9.499923903366435,-2.661585532466894
-51.84955723033037,-9.357286250552646,-2.627009861007885
-51.910212568910964,-9.074572392388403,-2.6730458142725473
-51.9915901681731,-8.823080402257913,-2.699624227975819
-51.87366693376847,-8.442805683775962,-2.762369612987163
-52.04506611518647,-8.270245078213263,-2.7211324572869198
-52.08833879703793,-7.9952287788478875,-2.755874283212763
-52.29221532770566,-7.834755539600568,-2.732133239576713
-52.319188745485675,-7.503502093949385,-2.7843240704151997
-52.24570117109553,-7.149158219791572,-2.8508100837923975
-52.26230091760273,-6.833282235100491,-2.8914256057456087
-52.41305710921505,-6.642606317834465,-2.8358845714690415
-52.41496069976195,-6.330886499444872,-2.8637793976196355
-52.62254693685282,-6.119109887159804,-2.868343975759231
-52.61970402176199,-5.7991002859470395,-2.8991428005008983
-52.65930653805904,-5.52628652310901,-2.913211778349641
-52.64614374565551,-5.1520429568775565,-2.9691785101913926
-52.68044561018193,-4.846404783009566,-3.0006038331775815
-52.66394619342772,-4.499606969806536,-3.04482687235624
-52.721623862918996,-4.185388024849679,-3.106186303211483
-52.88480626232581,-3.9444473748006983,-3.1137871523825176
-52.776118568096116,-3.5770089898884945,-3.192594075026048
-52.951972500057884,-3.3002782411588463,-3.2366012223762546
-52.978749477847735,-2.9834825693316036,-3.279194000779303
-52.947504583279084,-2.6111524985765358,-3.3421937124673096
-53.09547887113027,-2.375286618334978,-3.3090167554779653
-53.06235765838169,-2.0219880399323262,-3.3634190017887486
-53.07730992884728,-1.7086392060706674,-3.4017944001478915
-53.03811144229222,-1.3563701058238122,-3.456040821610011
-53.01952839277764,-1.077834948983626,-3.441577522999144
-52.9460144242812,-0.7240174991892225,-3.4667522198004566
-52.921704641689814,-0.39580978088169333,-3.4826248569428153
-53.01746803000886,-0.0909977915555178,-3.4751197318190163
-53.02198815661251,0.2381584335738979,-3.523913470949933
-52.9562880148646,0.6237092330741884,-3.5922008441389943
-52.92058436096936,0.9714865189761096,-3.6189354845152657
-52.827781524784676,1.3262121006870118,-3.644119146658897
-52.9799840849881,1.547124179669642,-3.603643498038514
-52.871051174472804,1.9535638926239867,-3.654363693895521
-52.85516203436943,2.283381567347679,-3.6974935009173944
-52.76329731460971,2.695265117221935,-3.7783233513154113
-52.71487238512127,3.012728175392095,-3.783279940832822
-52.58679162151608,3.4008530803250774,-3.815328659427514
-52.708318561716325,3.6884014926426474,-3.7948110906440107
-52.5816103196747,4.051986880038067,-3.81530167809316
-52.52691767510164,4.360403094773125,-3.8143774440425635
-52.39554541938962,4.734345992445675,-3.842787040375167
-52.340741502750234,5.056856909511161,-3.857695550206302
-52.212362545685714,5.415262430194346,-3.8842717652263743
-52.352312729075955,5.670853918356678,-3.85989817492648
-52.20606109139323,6.070158334606413,-3.9074031161693252
-52.14151795081415,6.4017304674532545,-3.9277167322973043
-51.992564081185535,6.792739784032127,-3.9731464162762298
-51.91475042018325,7.144179986776502,-4.000946785359938
-51.76431133777924,7.5252241366857,-4.04378440755519
-51.901976395546434,7.785878702323989,-4.026585564490064
-51.52613950078014,8.242984565541642,-4.123363573673069
-51.66298477275288,8.50737541598661,-4.1112448778939354
-51.506361552938095,8.871192671470633,-4.147565960586936
-51.404669534134875,9.1820197996631,-4.126999341153389
-51.24175109839852,9.533752843181514,-4.15295556901621
-51.1338027674182,9.853281405427122,-4.137182749505702
-51.15995620609151,10.175266257314393,-4.1077590215748225
-51.046349719055954,10.48600374888428,-4.081936866815312
-50.85787394781706,10.867470595964342,-4.119362049058032
-50.76544530500402,11.169896497694626,-4.117403175246305
-50.553346527630374,11.535411788967185,-4.116517670973988
-50.65854550797115,11.799597971333878,-4.069919024403372
-50.46456949398362,12.166356264732915,-4.102559598309494
-50.38098368618052,12.450250180821667,-4.1036829383027325
-50.16794196287513,12.8000723619669,-4.100255978577754
-50.05291988663817,13.095271688555757,-4.075668048367613
-49.833736788226936,13.449447471241765,-4.075654646469993
-49.95012403708966,13.687729728090874,-4.018427697104398
-49.478596786354096,14.100345158023435,-4.061420346132401
-49.60334630635396,14.331593019985107,-4.008850908198764
-49.36892243921248,14.701292168501782,-4.02094786701075
-49.24943864415368,14.98296909145626,-3.9905657407986443
-49.025108982590886,15.312975418897594,-3.9794210241837966
-48.902330792438995,15.599779355874073,-3.9556822833049115
-48.67763644307559,15.932772914900907,-3.955281741854969
-48.803440713634586,16.153418984823674,-3.893100589922705
-48.567020192490645,16.481466926509793,-3.87845799951646
-48.432946047713926,16.770158321808935,-3.8510746909567977
-48.19508640031621,17.093229238441413,-3.8349034549712866
-48.34006854125058,17.296060640922438,-3.7818033096049204
-48.10934231915166,17.617872949243644,-3.7825373912880886
-47.999246392065494,17.85817661136842,-3.7430104711273593
-47.757499385571826,18.16850788835174,-3.7223950876775143
-47.625600768168525,18.434373006897417,-3.685236475048927
-47.37104868699445,18.75696083552272,-3.666027020879501
-47.23456735524545,19.047816805501302,-3.661622048087494
-47.260898744926614,19.350318928136183,-3.6642339809315336
-47.12370879597853,19.63180308276552,-3.6564812194730854
-46.88890951579609,19.94524203083299,-3.683549302268347
-46.75003219085695,20.204617224077488,-3.6496038008674523
-46.531418622007436,20.46858470087612,-3.640871870430172
-46.681814181031946,20.658070253994108,-3.5848262957257933
-46.4415002288093,20.925860969884287,-3.5560976445961914
-46.04213722210893,21.233053238824386,-3.5821056972364826
-46.104505421676684,21.466035397544704,-3.5643094492661325
-45.97885541511491,21.717108157578487,-3.5590619292709613
-45.74117318298124,21.973830789034697,-3.535048860026381
-45.88028645697609,22.16659985344151,-3.4634289291063887
-45.61484597870958,22.433721328885003,-3.4162728561028803
-45.494511724556595,22.644547375216703,-3.370997250813689
-44.958102884183226,22.926334592978453,-3.3650069179486373
-45.14860518710365,23.03722425622113,-3.250457039657871
-44.90033549814035,23.26929192016735,-3.1858106608791017
-44.7953713517539,23.48572687202795,-3.183171104584762
-44.53446804121213,23.746161956434836,-3.1496912560684027
-44.69016379934403,23.927640672758063,-3.0858625677303104
-44.12840906279331,24.205274773155132,-3.068811988090337
-44.2865596098442,24.371358262899488,-2.98185448562484
-44.03016997928826,24.6199561951479,-2.9563411206381733
-44.17500854276257,24.80962346415754,-2.889999654244421
-43.60901506229943,25.067490495204044,-2.8594234824253597
-43.494346074704666,25.26071364341057,-2.8237431558590966
-43.56425901923343,25.467629739220804,-2.799635023055387
-43.43431051896238,25.66487176489426,-2.747375559238943
-43.20736635420419,25.862694848444967,-2.7175631580732182
-43.3915220870625,26.010298300622896,-2.6507553284771754
-43.13320942439744,26.23200652771836,-2.610169610150622
-43.026857535273585,26.40864539079592,-2.5812745794214664
-42.77412758774484,26.629853066282262,-2.56335044946445
-42.65527949153562,26.810285182776603,-2.519385829382997
-42.38903286429572,27.03446102537257,-2.486049697965708
-42.59590664363695,27.166607952895205,-2.4334072311563464
-42.04028649992889,27.374242645265877,-2.4175750109069924
-42.289893894247946,27.466005563940104,-2.368117415407172
-42.06266681310003,27.645334854496557,-2.3379477627805203
-41.939088098284145,27.826181477795025,-2.2966300079668196
-41.68729374442902,28.021420245706075,-2.250109953966071
-41.874143266300365,28.170355291465345,-2.180070158208938
-41.603133489945776,28.37909990313531,-2.1312907004684427
-41.16548373310195,28.58068209647883,-2.1166190757952137
-41.22259829568987,28.78145442512994,-2.0725202537353935
-41.094420773079925,28.966826937329486,-2.0525461976676835
-40.84936503047283,29.149380094490315,-2.0267778084552575
-41.03606579690372,29.308930348421885,-1.9829668108823957
-40.43825822951181,29.51549653118597,-1.9656817934884931
-40.328682810635776,29.66609596742758,-1.9198957670909285
-40.41368897587234,29.845456150043038,-1.9010515188857944
-40.29413373517991,30.009938654966223,-1.8719518300959062
-40.044834779423994,30.181877678688426,-1.8385674223893431
-39.93923011225352,30.328386353535,-1.8048533374712807
-40.024682991595995,30.506249567188167,-1.7835108704694373
-39.92922734966527,30.642138202018813,-1.7570728514766483
-39.7334578136562,30.74957148079048,-1.7045667043194825
-39.61163842699211,30.910217850003527,-1.6742989468389295
-39.361954586090704,31.085425933289116,-1.6778150027820469
-39.59023077500848,31.206097904766622,-1.6173521452850586
-39.34132062459415,31.360700222669863,-1.56570856007526
-39.25484558581269,31.485613003498774,-1.5435839605958606
-38.68746250568045,31.61919275995824,-1.5293879833271795
-38.94340633568533,31.731677761060947,-1.5118200732445406
-38.721914585964214,31.868534093493956,-1.4927546302940005
-38.95370612427186,32.00076928020233,-1.4720146146566966
-38.712018171457565,32.15168157002059,-1.4529364178100952
-38.61914331362671,32.27623790873823,-1.422427336553616
-38.37531674744874,32.42411569168272,-1.3983206801852885
-38.28703919663238,32.54547590539876,-1.3700455126865587
-38.03699287361939,32.70225251495095,-1.3581369880779894
-38.25035772309263,32.858670024539634,-1.3495811713381298
-37.984653413027544,33.02392905714731,-1.334299267687497
-37.534688548901165,33.159786001561166,-1.316332221664419
-37.629716249640445,33.33143647481736,-1.2975699481963416
-37.518753637283595,33.467277096292534,-1.2701815987936043
-37.2566483436466,33.619987122472175,-1.2476033896141834
-37.47408585370434,33.77211390717255,-1.227564983844279
-36.87618918924833,33.886812864218065,-1.204104401727694
-36.773792080982226,34.01335722912625,-1.1841130039367371
-36.900956116163826,34.15513532197079,-1.1570495355480095
-36.7872354733828,34.2889917183664,-1.133518051993373
-36.53391872321512,34.42607640144535,-1.1031098937387818
-36.74367415814273,34.58613211420931,-1.0833686781049174
-36.469467790196404,34.73760055269081,-1.0578204320452211
-36.34799195554697,34.87170260665148,-1.0285132382327824
-36.07573687083797,35.01793387220117,-1.0018063350577802
-35.95667809667972,35.15533579323788,-1.010401072046017
-35.71575866808067,35.279259329492355,-0.9992217311964338
-35.934507372655,35.43685972006463,-0.9937620675122905
-35.667945559849336,35.57524242692823,-0.9742523548387394
-35.554016182118104,35.69884796019544,-0.9464409700816855
-35.30079292989546,35.82656984273339,-0.9506602791102763
-35.20656183781633,35.938426630554545,-0.9492627453711275
-34.94832913752886,36.07046954090164,-0.9542330433901605
-35.19705074530595,36.20977678132405,-0.9627655381774618
-34.96052022511383,36.31790453733904,-0.9477497493614041
-34.85156727333444,36.43716046579843,-0.9397306768384591
-34.25908145164515,36.49560728902026,-0.9123033423023065
-34.477269172989885,36.66557996139318,-0.9278699340177785
-34.170537729593505,36.8313544547764,-0.9346152661841366
-34.35435209537181,37.02874496554845,-0.9635622002314804
-33.74866673691528,37.0873670633103,-0.9343375985096513
-33.99777071063999,37.22836314698818,-0.9022914664260693
-33.40768794788125,37.26748765506328,-0.8359764115168389
-33.62271326025103,37.44280020007632,-0.8420528148764971
-33.362331931614236,37.561469347530576,-0.8186812236281782
-33.55202505467579,37.75501429351786,-0.8327631825321519
-33.242960676741134,37.90842359496889,-0.8531561747875375
-32.732527856946426,38.01869091770861,-0.8656387688096252
-32.80387626066215,38.21466093501164,-0.8771511780416208
-32.66262460509323,38.34749233552885,-0.8718404424733515
-32.369737575891705,38.48159509938108,-0.8647104072334504
-32.585295020718426,38.655580047327526,-0.88565418160989
-32.27941369213163,38.79224500700813,-0.8484150614345194
-32.12678870361191,38.931141218082985,-0.8662104508741155
-31.79191876797033,39.08778428261397,-0.8847645265269273
-31.579174535794355,39.26559111437095,-0.8488688031323547
-31.292085442732564,39.38310674488272,-0.838272856664259
-31.47155340135265,39.58207754121483,-0.8368353267893154
-31.17628903781858,39.70085015568724,-0.7980482828504123
-31.024392121555515,39.829210447054976,-0.7809671074814029
-30.701762878142098,39.9660885699475,-0.762235719937037
-30.571040512315374,40.079799949417655,-0.7858832369888517
-30.227574123689717,40.230947463052,-0.7786073667224481
-30.381546614823854,40.44751302821268,-0.8130604162177617
-30.07223637193154,40.56630997772684,-0.762054498038811
-29.918799445429553,40.68989755141377,-0.7695310083974941
-29.293056935653702,40.695813034274444,-0.7296939456286594
-29.461367777221703,40.90718291276639,-0.791463257990496
-29.178472055166825,41.00636103342406,-0.7832883865082517
-29.34924528998774,41.21245979475519,-0.820393051644133
-28.988518151547684,41.359378030016934,-0.8560255419375631
-28.76690773597158,41.5227254398736,-0.8258419777189263
-28.451264984428516,41.63353587889192,-0.7703302185818403
-28.24860706915503,41.783760174416,-0.7175288495660884
-27.96387576776675,41.87316071312949,-0.7302466972823533
-28.1324545274177,42.07843067789659,-0.7562258635032488
-27.729867919983086,42.24279729980189,-0.7470717299685953
